odd,date
2.90,2021-04-25 14:25:52.456952
1.46,2021-04-25 14:26:07.686534
1.00,2021-04-25 14:26:19.848460
1.53,2021-04-25 14:26:38.087207
2.01,2021-04-25 14:26:59.503051
1.12,2021-04-25 14:27:11.636775
1.04,2021-04-25 14:27:23.839532
1.03,2021-04-25 14:27:36.056216
1.04,2021-04-25 14:27:45.190726
1.11,2021-04-25 14:27:57.380994
2.05,2021-04-25 14:28:21.703983
1.23,2021-04-25 14:28:33.874318
2.60,2021-04-25 14:29:16.415899
1.13,2021-04-25 14:29:28.588554
3.98,2021-04-25 14:30:02.120082
9.71,2021-04-25 14:30:53.733898
1.63,2021-04-25 14:31:11.981225
15.58,2021-04-25 14:32:06.732564
2.12,2021-04-25 14:32:31.089464
1.65,2021-04-25 14:32:49.254810
1.38,2021-04-25 14:33:04.516191
8.86,2021-04-25 14:33:53.143320
1.55,2021-04-25 14:34:11.308242
2.46,2021-04-25 14:34:35.508840
3.66,2021-04-25 14:35:08.962434
1.14,2021-04-25 14:35:21.057819
1.10,2021-04-25 14:35:33.159453
10.18,2021-04-25 14:36:21.605520
1.51,2021-04-25 14:36:39.715355
1.11,2021-04-25 14:36:51.785034
2.56,2021-04-25 14:37:18.975379
9.32,2021-04-25 14:38:07.344971
2.19,2021-04-25 14:38:31.484714
3.31,2021-04-25 14:39:01.788799
2.05,2021-04-25 14:39:23.032783
1.83,2021-04-25 14:39:44.232036
8.50,2021-04-25 14:40:29.531887
1.92,2021-04-25 14:40:50.688349
24.66,2021-04-25 14:41:54.309555
8.05,2021-04-25 14:42:39.855964
1.06,2021-04-25 14:42:52.016059
1.46,2021-04-25 14:43:10.222677
1.08,2021-04-25 14:43:22.325067
1.00,2021-04-25 14:43:31.476174
1.67,2021-04-25 14:43:49.660147
22.97,2021-04-25 14:44:53.502495
6.92,2021-04-25 14:45:36.034049
39.65,2021-04-25 14:46:48.966866
2.75,2021-04-25 14:47:16.357519
1.86,2021-04-25 14:47:37.608122
,2021-04-25 14:47:52.791742
1.49,2021-04-25 14:47:55.843087
1.30,2021-04-25 14:48:07.985680
6.30,2021-04-25 14:48:50.496608
1.10,2021-04-25 14:49:02.654256
1.09,2021-04-25 14:49:14.815766
3.01,2021-04-25 14:49:42.165783
1.07,2021-04-25 14:49:54.305569
1.79,2021-04-25 14:50:15.531716
9.30,2021-04-25 14:51:04.172148
1.49,2021-04-25 14:51:19.398749
1.18,2021-04-25 14:51:34.594297
2.00,2021-04-25 14:51:55.880508
5.81,2021-04-25 14:52:35.387218
1.83,2021-04-25 14:52:56.700786
2.05,2021-04-25 14:53:20.969196
4.09,2021-04-25 14:53:54.481648
1.03,2021-04-25 14:54:03.589762
11.17,2021-04-25 14:54:55.375542
7.93,2021-04-25 14:55:41.051043
1.34,2021-04-25 14:55:56.234143
1.83,2021-04-25 14:56:17.598098
1.66,2021-04-25 14:56:35.849553
1.18,2021-04-25 14:56:48.079805
1.80,2021-04-25 14:57:09.428217
1.07,2021-04-25 14:57:21.665297
10.25,2021-04-25 14:58:10.582219
3.79,2021-04-25 14:58:44.188754
1.31,2021-04-25 14:58:59.407667
1.18,2021-04-25 14:59:11.522817
16.92,2021-04-25 15:00:09.499518
1.52,2021-04-25 15:00:27.803924
6.68,2021-04-25 15:01:07.424947
3.93,2021-04-25 15:01:40.989483
1.06,2021-04-25 15:01:53.160409
1.91,2021-04-25 15:02:14.493362
13.28,2021-04-25 15:03:09.278885
1.18,2021-04-25 15:03:21.483281
4.01,2021-04-25 15:03:55.013739
4.50,2021-04-25 15:04:31.508602
4.07,2021-04-25 15:05:04.888305
2.40,2021-04-25 15:05:32.408711
95.89,2021-04-25 15:06:57.433791
1.00,2021-04-25 15:07:06.573443
1.10,2021-04-25 15:07:18.788234
1.05,2021-04-25 15:07:31.002164
4.05,2021-04-25 15:08:04.430817
1.10,2021-04-25 15:08:16.674997
21.61,2021-04-25 15:09:20.471302
1.60,2021-04-25 15:09:38.713578
1.88,2021-04-25 15:09:59.932912
14.22,2021-04-25 15:10:54.821535
1.07,2021-04-25 15:11:07.023682
1.87,2021-04-25 15:11:25.322973
2.67,2021-04-25 15:11:52.696534
1.18,2021-04-25 15:12:07.838231
2.76,2021-04-25 15:12:35.355122
7.89,2021-04-25 15:13:21.145919
20.23,2021-04-25 15:14:21.977729
20.14,2021-04-25 15:15:23.015977
1.69,2021-04-25 15:15:44.436340
1.87,2021-04-25 15:16:05.787349
1.01,2021-04-25 15:16:14.968734
2.26,2021-04-25 15:16:39.425816
1.06,2021-04-25 15:16:51.728587
1.21,2021-04-25 15:17:03.911122
1.28,2021-04-25 15:17:19.182634
2.43,2021-04-25 15:17:43.514667
5.71,2021-04-25 15:18:23.216270
1.80,2021-04-25 15:18:44.530671
2.94,2021-04-25 15:19:12.062889
8.52,2021-04-25 15:20:00.862110
1.00,2021-04-25 15:20:09.980961
18.11,2021-04-25 15:21:11.041072
1.28,2021-04-25 15:21:26.259329
1.53,2021-04-25 15:21:41.495887
1.58,2021-04-25 15:21:59.740384
1.51,2021-04-25 15:22:18.059231
3.84,2021-04-25 15:22:51.587407
6.47,2021-04-25 15:23:34.210613
756.69,2021-04-25 15:25:36.310381
2.51,2021-04-25 15:26:00.576799
2.27,2021-04-25 15:26:24.991181
1.61,2021-04-25 15:26:43.261976
1.49,2021-04-25 15:27:01.536617
3.31,2021-04-25 15:27:32.088950
4.92,2021-04-25 15:28:08.551295
1.22,2021-04-25 15:28:23.749778
,2021-04-25 15:28:35.987720
1.26,2021-04-25 15:28:39.042597
1.56,2021-04-25 15:28:54.187344
1.46,2021-04-25 15:29:12.498622
1.68,2021-04-25 15:29:30.824017
3.75,2021-04-25 15:30:04.364223
1.00,2021-04-25 15:30:16.586979
73.18,2021-04-25 15:31:38.999640
1.00,2021-04-25 15:31:48.152612
1.01,2021-04-25 15:31:57.317502
1.04,2021-04-25 15:32:09.581065
1.19,2021-04-25 15:32:21.765610
3.64,2021-04-25 15:32:55.317955
1.88,2021-04-25 15:33:16.598279
38.38,2021-04-25 15:34:26.771372
2.74,2021-04-25 15:34:57.219282
1.08,2021-04-25 15:35:09.475288
3.03,2021-04-25 15:35:36.889392
5.77,2021-04-25 15:36:16.539570
3.79,2021-04-25 15:36:50.134853
1.00,2021-04-25 15:36:59.329876
1.11,2021-04-25 15:37:11.495278
1.08,2021-04-25 15:37:23.682740
1.10,2021-04-25 15:37:35.892588
1.00,2021-04-25 15:37:48.097495
1.44,2021-04-25 15:38:03.334049
1.60,2021-04-25 15:38:24.703749
1.97,2021-04-25 15:38:46.087476
36.02,2021-04-25 15:39:56.182244
37.49,2021-04-25 15:41:06.305519
2.59,2021-04-25 15:41:33.755770
1.34,2021-04-25 15:41:48.977601
1.63,2021-04-25 15:42:07.288620
1.10,2021-04-25 15:42:19.620611
2.97,2021-04-25 15:42:50.188145
2.27,2021-04-25 15:43:14.542532
1.25,2021-04-25 15:43:26.727680
1.31,2021-04-25 15:43:41.958408
3.41,2021-04-25 15:44:12.627549
1.59,2021-04-25 15:44:30.965881
1.10,2021-04-25 15:44:43.119999
,2021-04-25 15:45:01.556835
1.61,2021-04-25 15:45:04.588288
2.72,2021-04-25 15:45:28.990183
1.00,2021-04-25 15:45:41.172643
15.00,2021-04-25 15:46:35.906957
1.00,2021-04-25 15:46:48.158744
1.08,2021-04-25 15:46:57.275834
1.00,2021-04-25 15:47:09.437886
157.34,2021-04-25 15:48:43.764495
1.35,2021-04-25 15:48:59.054732
1.42,2021-04-25 15:49:17.321466
5.17,2021-04-25 15:49:53.806157
1.96,2021-04-25 15:50:15.154339
3.15,2021-04-25 15:50:45.735006
3.88,2021-04-25 15:51:19.129931
2.53,2021-04-25 15:51:46.632079
1.00,2021-04-25 15:51:55.720283
2.92,2021-04-25 15:52:26.155589
1.07,2021-04-25 15:52:35.283491
6.98,2021-04-25 15:53:20.996394
1.19,2021-04-25 15:53:33.154705
1.14,2021-04-25 15:53:45.299491
1.49,2021-04-25 15:54:03.560730
1.64,2021-04-25 15:54:21.877541
3.00,2021-04-25 15:54:52.351184
10.71,2021-04-25 15:55:40.998486
8.26,2021-04-25 15:56:26.584504
1.76,2021-04-25 15:56:47.828666
1.31,2021-04-25 15:57:03.097702
2.18,2021-04-25 15:57:27.478029
1.37,2021-04-25 15:57:42.681440
1.01,2021-04-25 15:57:51.883044
1.13,2021-04-25 15:58:07.147708
3.95,2021-04-25 15:58:39.138761
2.50,2021-04-25 15:59:06.394688
1.71,2021-04-25 15:59:24.542205
3.85,2021-04-25 15:59:58.011021
3.12,2021-04-25 16:00:28.578862
1.00,2021-04-25 16:00:37.659358
8.56,2021-04-25 16:01:23.180817
4.28,2021-04-25 16:01:59.646472
3.39,2021-04-25 16:02:29.961694
1.61,2021-04-25 16:02:48.123637
1.46,2021-04-25 16:03:06.412316
1.13,2021-04-25 16:03:18.607390
1.03,2021-04-25 16:03:27.721308
1.83,2021-04-25 16:03:48.920572
1.38,2021-04-25 16:04:07.124698
2.84,2021-04-25 16:04:34.494471
1.75,2021-04-25 16:04:52.655601
1.20,2021-04-25 16:05:07.787239
6.73,2021-04-25 16:05:50.178633
1.01,2021-04-25 16:06:02.369725
8.53,2021-04-25 16:06:47.872495
30.11,2021-04-25 16:07:54.774119
1.25,2021-04-25 16:08:09.917570
3.30,2021-04-25 16:08:40.319861
2.92,2021-04-25 16:09:07.683683
1.10,2021-04-25 16:09:19.851296
1.68,2021-04-25 16:09:38.082933
1.72,2021-04-25 16:09:59.419125
1.46,2021-04-25 16:10:14.670571
2.46,2021-04-25 16:10:41.983027
1.62,2021-04-25 16:11:00.234456
1.00,2021-04-25 16:11:12.385159
1.64,2021-04-25 16:11:30.617401
1.16,2021-04-25 16:11:42.850999
1.01,2021-04-25 16:11:55.066037
2.56,2021-04-25 16:12:19.437233
1.51,2021-04-25 16:12:37.680613
2.36,2021-04-25 16:13:01.934913
1.56,2021-04-25 16:13:20.179223
1.00,2021-04-25 16:13:32.277859
3.45,2021-04-25 16:14:02.630075
1.27,2021-04-25 16:14:17.776884
1.04,2021-04-25 16:14:26.878534
2.61,2021-04-25 16:14:54.266458
1.19,2021-04-25 16:15:09.442819
1.38,2021-04-25 16:15:24.642426
1.28,2021-04-25 16:15:39.894901
1.06,2021-04-25 16:15:49.137489
2.76,2021-04-25 16:16:16.366101
1.24,2021-04-25 16:16:31.494215
18.08,2021-04-25 16:17:32.057050
8.83,2021-04-25 16:18:17.511824
1.05,2021-04-25 16:18:29.640169
2.99,2021-04-25 16:18:56.881259
192.31,2021-04-25 16:20:37.089021
3.95,2021-04-25 16:21:10.395690
1.00,2021-04-25 16:21:19.513481
3.08,2021-04-25 16:21:49.925172
3.79,2021-04-25 16:22:23.221468
1.39,2021-04-25 16:22:38.363588
1.10,2021-04-25 16:22:50.544566
3.69,2021-04-25 16:23:20.824955
1.72,2021-04-25 16:23:42.021673
,2021-04-25 16:23:54.142964
1.24,2021-04-25 16:23:57.175198
3.18,2021-04-25 16:24:24.521654
1.75,2021-04-25 16:24:45.736559
1.65,2021-04-25 16:25:03.905002
3.89,2021-04-25 16:25:37.280150
2.26,2021-04-25 16:26:01.568318
1.34,2021-04-25 16:26:16.820580
4.24,2021-04-25 16:27:08.519872
2.02,2021-04-25 16:27:29.807974
4.06,2021-04-25 16:28:03.132727
11.24,2021-04-25 16:28:54.649371
2.05,2021-04-25 16:29:15.850742
2.73,2021-04-25 16:29:46.172561
45.05,2021-04-25 16:30:58.796606
1.58,2021-04-25 16:31:16.999811
2.58,2021-04-25 16:31:44.262714
1.07,2021-04-25 16:31:53.349070
1.46,2021-04-25 16:32:11.531536
1.47,2021-04-25 16:32:29.713527
1.16,2021-04-25 16:32:41.832206
1.25,2021-04-25 16:32:56.969358
2.73,2021-04-25 16:33:24.212433
3.87,2021-04-25 16:33:57.544288
,2021-04-25 16:34:09.679325
1.27,2021-04-25 16:34:12.699321
1.59,2021-04-25 16:34:27.846352
13.38,2021-04-25 16:35:22.361801
1.64,2021-04-25 16:35:40.516660
1.15,2021-04-25 16:35:55.707530
1.58,2021-04-25 16:36:13.860495
6.46,2021-04-25 16:36:53.228835
1.00,2021-04-25 16:37:05.345308
1.58,2021-04-25 16:37:23.526711
4.96,2021-04-25 16:37:59.841669
1.00,2021-04-25 16:38:08.926564
1.37,2021-04-25 16:38:27.092649
1.18,2021-04-25 16:38:39.217742
16.83,2021-04-25 16:39:36.765811
3.13,2021-04-25 16:40:07.112980
2.51,2021-04-25 16:40:34.360480
1.00,2021-04-25 16:40:43.472270
1.81,2021-04-25 16:41:04.721701
2.98,2021-04-25 16:41:31.992902
1.64,2021-04-25 16:41:53.207750
1.24,2021-04-25 16:42:08.356302
2.23,2021-04-25 16:42:32.623905
1.09,2021-04-25 16:42:44.754516
1.50,2021-04-25 16:42:59.890864
1.75,2021-04-25 16:43:21.102645
1.27,2021-04-25 16:43:36.271067
113.27,2021-04-25 16:45:04.086737
1.41,2021-04-25 16:45:19.241030
1.79,2021-04-25 16:45:40.470786
1.86,2021-04-25 16:46:01.667260
6.33,2021-04-25 16:46:44.033675
1.25,2021-04-25 16:46:59.183487
1.15,2021-04-25 16:47:11.300959
2.53,2021-04-25 16:47:38.565312
6.60,2021-04-25 16:48:17.956907
2.70,2021-04-25 16:48:45.205746
2.16,2021-04-25 16:49:12.482459
9.65,2021-04-25 16:50:00.919746
1.81,2021-04-25 16:50:22.137409
1.62,2021-04-25 16:50:40.265964
1.76,2021-04-25 16:50:58.448419
1.46,2021-04-25 16:51:16.623494
2.75,2021-04-25 16:51:43.888073
2.15,2021-04-25 16:52:08.100219
1.00,2021-04-25 16:52:20.197057
2.48,2021-04-25 16:52:44.464532
3.39,2021-04-25 16:53:14.682803
1.00,2021-04-25 16:53:26.788291
2.85,2021-04-25 16:53:54.015036
20.27,2021-04-25 16:54:57.616530
1.58,2021-04-25 16:55:15.816562
1.00,2021-04-25 16:55:24.911285
1.42,2021-04-25 16:55:43.115600
1.14,2021-04-25 16:55:55.263485
1.12,2021-04-25 16:56:19.543313
1.56,2021-04-25 16:56:37.746829
1.12,2021-04-25 16:56:49.860644
1.33,2021-04-25 16:57:08.015492
1.61,2021-04-25 16:57:26.173074
18.67,2021-04-25 16:58:26.692484
1.04,2021-04-25 16:58:35.776126
1.35,2021-04-25 16:58:50.912605
1.01,2021-04-25 16:59:03.021930
1.15,2021-04-25 16:59:15.131748
3.06,2021-04-25 16:59:45.424632
4.78,2021-04-25 17:00:21.756685
2.47,2021-04-25 17:00:45.955582
8.67,2021-04-25 17:01:34.385323
3.80,2021-04-25 17:02:07.770679
26.07,2021-04-25 17:03:11.392564
1.65,2021-04-25 17:03:29.540097
2.16,2021-04-25 17:03:53.789852
1.67,2021-04-25 17:04:11.941736
4.11,2021-04-25 17:04:48.303579
4.16,2021-04-25 17:05:21.617230
2.15,2021-04-25 17:05:45.861059
1.88,2021-04-25 17:06:07.053583
1.00,2021-04-25 17:06:16.126633
3.89,2021-04-25 17:06:58.575017
1.03,2021-04-25 17:07:10.706610
20.87,2021-04-25 17:08:11.276399
3.04,2021-04-25 17:08:41.581761
1.83,2021-04-25 17:09:02.774119
10.15,2021-04-25 17:09:51.298861
3.04,2021-04-25 17:10:21.634491
2.18,2021-04-25 17:10:42.819725
1.10,2021-04-25 17:10:54.937360
1.09,2021-04-25 17:11:07.085589
2.55,2021-04-25 17:11:34.331957
4.33,2021-04-25 17:12:10.728479
10.07,2021-04-25 17:12:59.159277
20.04,2021-04-25 17:13:59.733383
13.41,2021-04-25 17:14:54.212950
47.08,2021-04-25 17:16:09.907355
6.05,2021-04-25 17:16:49.265764
3.14,2021-04-25 17:17:19.605772
7.54,2021-04-25 17:18:05.013925
1.00,2021-04-25 17:18:14.092996
51.89,2021-04-25 17:19:29.814173
5.81,2021-04-25 17:20:12.212453
1.00,2021-04-25 17:20:21.287164
3.46,2021-04-25 17:21:03.721402
2.60,2021-04-25 17:21:30.994184
1.09,2021-04-25 17:21:43.120155
2.09,2021-04-25 17:22:04.339134
1.64,2021-04-25 17:22:25.539044
4.06,2021-04-25 17:22:58.857710
1.00,2021-04-25 17:23:07.934780
4.12,2021-04-25 17:23:44.246277
1.36,2021-04-25 17:23:59.385317
11.08,2021-04-25 17:24:50.854810
1.22,2021-04-25 17:25:03.012086
4.40,2021-04-25 17:25:39.383118
1.06,2021-04-25 17:25:51.501856
13.44,2021-04-25 17:26:46.018679
1.22,2021-04-25 17:26:58.133794
1.02,2021-04-25 17:27:10.276488
13.86,2021-04-25 17:28:04.765780
1.36,2021-04-25 17:28:19.918173
2.85,2021-04-25 17:28:47.164002
1.22,2021-04-25 17:29:02.324463
1.48,2021-04-25 17:29:17.471460
1.07,2021-04-25 17:29:29.583501
1.61,2021-04-25 17:29:47.774494
1.39,2021-04-25 17:30:05.937260
6.46,2021-04-25 17:30:48.313819
8.00,2021-04-25 17:31:30.781574
1.00,2021-04-25 17:31:42.893807
22.75,2021-04-25 17:32:46.544424
3.39,2021-04-25 17:33:16.829654
1.02,2021-04-25 17:33:25.902176
1.73,2021-04-25 17:33:47.112910
1.02,2021-04-25 17:33:56.198287
1.51,2021-04-25 17:34:14.349573
1.92,2021-04-25 17:34:35.597733
4.15,2021-04-25 17:35:11.907574
2.12,2021-04-25 17:35:36.127446
1.00,2021-04-25 17:35:45.227799
2.07,2021-04-25 17:36:06.465927
3.34,2021-04-25 17:36:39.779226
1.81,2021-04-25 17:36:57.964613
3.73,2021-04-25 17:37:31.276473
1.00,2021-04-25 17:37:43.427048
9.55,2021-04-25 17:38:28.830229
1.19,2021-04-25 17:38:43.955160
1.03,2021-04-25 17:38:56.079227
2.42,2021-04-25 17:39:20.346304
1.76,2021-04-25 17:39:41.572094
1.49,2021-04-25 17:39:59.747348
1.47,2021-04-25 17:40:17.915722
1.48,2021-04-25 17:40:33.062413
6.80,2021-04-25 17:41:15.461092
1.03,2021-04-25 17:41:27.574130
7.75,2021-04-25 17:42:13.058620
4.02,2021-04-25 17:42:46.405843
1.34,2021-04-25 17:43:01.541202
3.49,2021-04-25 17:43:34.817997
5.29,2021-04-25 17:44:11.188180
1.45,2021-04-25 17:44:29.378195
1.22,2021-04-25 17:44:41.490279
1.00,2021-04-25 17:44:53.620785
1.20,2021-04-25 17:45:05.717098
8.70,2021-04-25 17:45:54.119314
3.82,2021-04-25 17:46:27.423439
2.31,2021-04-25 17:46:51.684637
1.40,2021-04-25 17:47:06.852450
5.79,2021-04-25 17:47:46.281231
3.46,2021-04-25 17:48:19.567973
5.92,2021-04-25 17:48:58.969996
1.32,2021-04-25 17:49:14.130403
1.73,2021-04-25 17:49:35.356440
1.49,2021-04-25 17:49:50.488931
1.08,2021-04-25 17:50:02.600441
18.06,2021-04-25 17:51:03.235584
1.73,2021-04-25 17:51:21.383222
1.18,2021-04-25 17:51:36.514104
4.96,2021-04-25 17:52:12.859183
1.98,2021-04-25 17:52:34.067661
3.57,2021-04-25 17:53:07.379049
1.15,2021-04-25 17:53:19.480593
2.33,2021-04-25 17:53:43.692814
1.58,2021-04-25 17:54:01.852513
1.04,2021-04-25 17:54:13.978051
3.87,2021-04-25 17:54:47.282949
1.27,2021-04-25 17:55:02.426088
1.15,2021-04-25 17:55:14.534138
1.18,2021-04-25 17:55:26.661647
1.00,2021-04-25 17:55:38.767668
3.49,2021-04-25 17:56:09.066283
4.01,2021-04-25 17:56:45.409700
2.41,2021-04-25 17:57:09.658243
1.02,2021-04-25 17:57:18.766430
1.13,2021-04-25 17:57:33.922013
2.91,2021-04-25 17:58:01.194353
1.00,2021-04-25 17:58:10.277738
9.79,2021-04-25 17:59:10.924687
149.99,2021-04-25 18:00:44.791628
1.24,2021-04-25 18:00:59.896839
1.59,2021-04-25 18:01:15.029946
2.07,2021-04-25 18:01:42.305417
2.32,2021-04-25 18:02:03.523501
3.52,2021-04-25 18:02:33.854236
1.46,2021-04-25 18:02:52.029641
1.00,2021-04-25 18:03:01.122083
4.50,2021-04-25 18:03:37.488861
4.22,2021-04-25 18:04:13.828599
2.52,2021-04-25 18:04:38.070405
1.97,2021-04-25 18:04:59.270757
1.14,2021-04-25 18:05:14.405954
1.39,2021-04-25 18:05:29.551352
2.27,2021-04-25 18:05:53.768973
5.32,2021-04-25 18:06:33.153436
2.14,2021-04-25 18:06:57.366019
10.72,2021-04-25 18:07:45.841567
1.47,2021-04-25 18:08:04.001920
14.56,2021-04-25 18:08:58.533591
1.77,2021-04-25 18:09:19.723815
4.20,2021-04-25 18:09:53.031509
1.06,2021-04-25 18:10:05.132720
2.21,2021-04-25 18:10:29.373008
39.71,2021-04-25 18:11:42.064895
1.00,2021-04-25 18:11:51.137588
9.55,2021-04-25 18:12:39.597243
1.62,2021-04-25 18:12:57.763717
30.26,2021-04-25 18:14:07.444978
1.00,2021-04-25 18:14:16.519155
3.67,2021-04-25 18:14:49.796248
1.62,2021-04-25 18:15:07.958993
1.00,2021-04-25 18:15:17.078102
1.54,2021-04-25 18:15:35.293796
1.43,2021-04-25 18:15:53.445723
2.43,2021-04-25 18:16:20.732867
43.27,2021-04-25 18:17:33.417134
1.00,2021-04-25 18:17:42.493628
1.17,2021-04-25 18:17:57.621622
6.20,2021-04-25 18:18:37.025776
4.96,2021-04-25 18:19:16.360373
1.80,2021-04-25 18:19:34.571273
1.00,2021-04-25 18:19:46.673529
3.62,2021-04-25 18:20:16.959017
3.82,2021-04-25 18:20:50.325610
1.00,2021-04-25 18:21:02.458351
12.75,2021-04-25 18:21:53.941211
32.78,2021-04-25 18:23:03.661487
1.07,2021-04-25 18:23:15.790772
10.52,2021-04-25 18:24:04.236300
11.59,2021-04-25 18:24:55.808904
17.17,2021-04-25 18:25:53.375954
3.10,2021-04-25 18:26:23.718467
,2021-04-25 18:26:41.908096
1.64,2021-04-25 18:26:44.937968
1.51,2021-04-25 18:27:00.100634
2.45,2021-04-25 18:27:27.398300
1.00,2021-04-25 18:27:36.484781
1.01,2021-04-25 18:27:48.620157
2.08,2021-04-25 18:28:09.830248
2.17,2021-04-25 18:28:34.072586
1.00,2021-04-25 18:28:46.179079
1.18,2021-04-25 18:28:58.331263
1.94,2021-04-25 18:29:19.536141
1.24,2021-04-25 18:29:34.688332
1.00,2021-04-25 18:29:46.813654
1.13,2021-04-25 18:29:58.924537
1.00,2021-04-25 18:30:08.006279
34.61,2021-04-25 18:31:29.820171
5.00,2021-04-25 18:32:06.166870
1.68,2021-04-25 18:32:24.329305
10.22,2021-04-25 18:33:15.826341
1.06,2021-04-25 18:33:24.919752
1.23,2021-04-25 18:33:40.083325
57.73,2021-04-25 18:34:58.790934
5.83,2021-04-25 18:35:38.163589
1.37,2021-04-25 18:35:56.348554
4.98,2021-04-25 18:36:32.706729
6.00,2021-04-25 18:37:12.106916
2.10,2021-04-25 18:37:36.325678
16.68,2021-04-25 18:38:33.890694
6.46,2021-04-25 18:39:16.292058
1.36,2021-04-25 18:39:31.457045
5.13,2021-04-25 18:40:07.775262
3.02,2021-04-25 18:40:38.078212
6.38,2021-04-25 18:41:20.473579
1.62,2021-04-25 18:41:38.628162
2.19,2021-04-25 18:42:02.851648
4.07,2021-04-25 18:42:36.175202
8.98,2021-04-25 18:43:24.641081
1.93,2021-04-25 18:43:45.839446
1.00,2021-04-25 18:43:54.923044
3.50,2021-04-25 18:44:28.259199
1.83,2021-04-25 18:44:49.485026
19.77,2021-04-25 18:45:50.109114
2.22,2021-04-25 18:46:14.359377
3.77,2021-04-25 18:46:47.751015
1.56,2021-04-25 18:47:05.951309
1.84,2021-04-25 18:47:24.158707
1.06,2021-04-25 18:47:36.283536
2.16,2021-04-25 18:48:00.524232
1.54,2021-04-25 18:48:18.715560
2.17,2021-04-25 18:48:42.973789
7.06,2021-04-25 18:49:25.362907
1.00,2021-04-25 18:49:37.465514
2.27,2021-04-25 18:50:01.718727
5.09,2021-04-25 18:50:38.051007
1.68,2021-04-25 18:50:59.236975
1.77,2021-04-25 18:51:17.439222
2.86,2021-04-25 18:51:47.733546
1.18,2021-04-25 18:51:59.855778
5.62,2021-04-25 18:52:39.268076
18.99,2021-04-25 18:53:39.850728
1.00,2021-04-25 18:53:48.944823
3.16,2021-04-25 18:54:19.265063
1.51,2021-04-25 18:54:37.443502
6.46,2021-04-25 18:55:19.845956
4.01,2021-04-25 18:55:53.195632
1.18,2021-04-25 18:56:08.342683
3.79,2021-04-25 18:56:41.661275
1.00,2021-04-25 18:56:50.767544
6.59,2021-04-25 18:57:33.184288
1.17,2021-04-25 18:57:45.299543
1.53,2021-04-25 18:58:06.544156
4.40,2021-04-25 18:58:39.872906
1.00,2021-04-25 18:58:51.977171
1.12,2021-04-25 18:59:04.116744
2.81,2021-04-25 18:59:31.397454
208.14,2021-04-25 19:01:11.459042
1.52,2021-04-25 19:01:29.636820
4.98,2021-04-25 19:02:05.990150
3.01,2021-04-25 19:02:36.285247
1.09,2021-04-25 19:02:48.391528
1.12,2021-04-25 19:03:00.491450
1.00,2021-04-25 19:03:09.580120
1.77,2021-04-25 19:03:30.753635
1.40,2021-04-25 19:03:45.911040
1.89,2021-04-25 19:04:07.109319
2.50,2021-04-25 19:04:34.439440
8.48,2021-04-25 19:05:19.907354
1.00,2021-04-25 19:05:32.045952
1.16,2021-04-25 19:05:44.166495
3.04,2021-04-25 19:06:14.455068
4.44,2021-04-25 19:06:47.804789
1.03,2021-04-25 19:06:59.917794
1.55,2021-04-25 19:07:18.115107
1.00,2021-04-25 19:07:27.221415
2.11,2021-04-25 19:07:51.452627
8.40,2021-04-25 19:08:39.947612
1.24,2021-04-25 19:08:52.070787
5.02,2021-04-25 19:09:28.439929
3.29,2021-04-25 19:10:01.767197
1.02,2021-04-25 19:10:10.862992
1.51,2021-04-25 19:10:29.097246
2.76,2021-04-25 19:10:56.414002
1.00,2021-04-25 19:11:05.515412
1.31,2021-04-25 19:11:32.785489
1.00,2021-04-25 19:11:44.917241
1.16,2021-04-25 19:12:09.152868
1.00,2021-04-25 19:12:18.252707
3.02,2021-04-25 19:12:48.604553
1.54,2021-04-25 19:13:03.781240
4.17,2021-04-25 19:13:40.169155
2.36,2021-04-25 19:14:04.420201
1.57,2021-04-25 19:14:22.618653
4.70,2021-04-25 19:14:58.962244
2.15,2021-04-25 19:15:23.211952
12.09,2021-04-25 19:16:14.734685
1.14,2021-04-25 19:16:26.841811
6.61,2021-04-25 19:17:09.292225
1.65,2021-04-25 19:17:27.451283
1.87,2021-04-25 19:17:48.700479
1.50,2021-04-25 19:18:06.888560
1.00,2021-04-25 20:24:21.634273
1.85,2021-04-25 20:24:42.869375
1.17,2021-04-25 20:24:55.011401
371.33,2021-04-25 20:26:44.041004
1.17,2021-04-25 20:26:59.190477
,2021-04-25 20:27:17.319968
1.82,2021-04-25 20:27:20.359793
1.12,2021-04-25 20:27:32.528790
1.25,2021-04-25 20:27:44.671796
1.71,2021-04-25 20:28:05.905476
87.73,2021-04-25 20:29:30.733021
1.60,2021-04-25 20:29:48.941045
1.09,2021-04-25 20:30:01.231232
1.00,2021-04-25 20:30:10.323459
1.80,2021-04-25 20:30:31.540062
2.68,2021-04-25 20:30:58.843897
4.60,2021-04-25 20:31:35.218820
1.46,2021-04-25 20:31:53.456620
1.76,2021-04-25 20:32:11.586988
1.20,2021-04-25 20:32:26.740696
1.33,2021-04-25 20:32:41.911577
,2021-04-25 20:32:57.063144
5.16,2021-04-25 20:44:21.165628
1.45,2021-04-25 20:44:36.286071
1.55,2021-04-25 20:44:54.520158
3.57,2021-04-25 20:45:27.900538
1.68,2021-04-25 20:45:49.110643
2.00,2021-04-25 20:46:10.354823
3.25,2021-04-25 20:46:40.672204
1.02,2021-04-25 20:46:52.747572
1.05,2021-04-25 20:47:04.919315
1.11,2021-04-25 20:47:17.079266
1.99,2021-04-25 20:47:38.279861
2.49,2021-04-25 20:48:05.522928
2.71,2021-04-25 20:48:32.721627
1.62,2021-04-25 20:48:50.854932
1.44,2021-04-25 20:49:09.064533
2.54,2021-04-25 20:49:36.348089
42.16,2021-04-25 20:50:48.951130
3.10,2021-04-25 20:51:19.189654
1.46,2021-04-25 20:51:34.357061
4.03,2021-04-25 20:52:10.674095
1.70,2021-04-25 20:52:28.880782
2.02,2021-04-25 20:52:50.153763
1.00,2021-04-25 20:53:02.295683
3.70,2021-04-25 20:53:35.619228
1.42,2021-04-25 20:53:50.764977
188.04,2021-04-25 20:55:30.713777
6.32,2021-04-25 20:56:10.116382
1.11,2021-04-25 20:56:22.251836
1.86,2021-04-25 20:56:43.483295
4.47,2021-04-25 20:57:19.866422
1.17,2021-04-25 20:57:35.017189
5.99,2021-04-25 20:58:14.495526
2.10,2021-04-25 20:58:35.692495
1.67,2021-04-25 20:58:56.883649
3.90,2021-04-25 20:59:30.256063
1.17,2021-04-25 20:59:42.361831
1.28,2021-04-25 20:59:57.559524
1.07,2021-04-25 21:00:09.714781
44.12,2021-04-25 21:01:22.406752
2.60,2021-04-25 21:01:49.602449
1.26,2021-04-25 21:02:04.777183
1.43,2021-04-25 21:02:19.887752
1.09,2021-04-25 21:02:32.013348
1.25,2021-04-25 21:02:47.180721
1.31,2021-04-25 21:03:02.338225
7.37,2021-04-25 21:04:24.128172
1.00,2021-04-25 21:04:33.213601
2.37,2021-04-25 21:05:00.755260
1.28,2021-04-25 21:05:12.873741
1.66,2021-04-25 21:05:34.059430
1.87,2021-04-25 21:05:55.367706
1.44,2021-04-25 21:06:10.507624
1.09,2021-04-25 21:06:22.603107
2.64,2021-04-25 21:06:49.866687
5.71,2021-04-25 21:07:29.236766
8.98,2021-04-25 21:08:17.615620
857.04,2021-04-25 21:10:18.859665
1.53,2021-04-25 21:10:37.056773
9.76,2021-04-25 21:11:25.406681
174.34,2021-04-25 21:13:02.321767
3.59,2021-04-25 21:13:35.632007
1.23,2021-04-25 21:13:47.715219
16.42,2021-04-25 21:14:45.197576
3.14,2021-04-25 21:15:15.409174
1.16,2021-04-25 21:15:30.537396
2.12,2021-04-25 21:15:51.732878
1.63,2021-04-25 21:16:09.946153
,2021-04-25 21:16:31.216130
1.91,2021-04-25 21:16:34.252323
1.28,2021-04-25 21:16:46.417602
8.50,2021-04-25 21:17:34.816938
1.21,2021-04-25 21:17:46.936898
1.00,2021-04-25 21:17:59.028563
1.24,2021-04-25 21:18:14.146150
14.16,2021-04-25 21:19:08.625209
2.03,2021-04-25 21:19:29.783680
1.03,2021-04-25 21:19:41.907902
1.00,2021-04-25 21:19:50.998335
1.17,2021-04-25 21:20:03.107578
1.37,2021-04-25 21:20:21.261828
1.09,2021-04-25 21:20:33.448860
3.39,2021-04-25 21:21:03.703744
1.08,2021-04-25 21:21:15.800724
5.67,2021-04-25 21:21:55.111874
7.31,2021-04-25 21:22:37.449076
3.24,2021-04-25 21:23:10.708089
2.28,2021-04-25 21:23:34.908054
1.09,2021-04-25 21:23:47.009782
1.00,2021-04-25 21:23:56.117905
2.48,2021-04-25 21:24:20.376038
1.14,2021-04-25 21:24:35.535920
1.00,2021-04-25 21:24:44.597099
1.01,2021-04-25 21:24:53.707311
1.34,2021-04-25 21:25:11.969411
2.24,2021-04-25 21:25:33.144732
1.39,2021-04-25 21:25:51.312809
4.10,2021-04-25 21:26:24.589941
2.23,2021-04-25 21:26:48.783846
1.29,2021-04-25 21:27:03.933282
2.11,2021-04-25 21:27:25.085123
18.53,2021-04-25 21:28:25.634866
1.20,2021-04-25 21:28:37.727668
1.80,2021-04-25 21:28:58.975543
1.57,2021-04-25 21:29:17.186549
1.09,2021-04-25 21:29:29.302584
1.02,2021-04-25 21:29:38.394086
1.16,2021-04-25 21:29:53.538713
3.97,2021-04-25 21:30:38.913393
18.84,2021-04-25 21:31:39.422065
6.09,2021-04-25 21:32:18.736462
1.00,2021-04-25 21:32:30.855658
2.33,2021-04-25 21:32:55.005480
2.36,2021-04-25 21:33:19.271141
1.16,2021-04-25 21:33:34.378507
3.48,2021-04-25 21:34:07.616116
1.27,2021-04-25 21:34:19.719459
1.29,2021-04-25 21:34:34.833307
3.87,2021-04-25 21:35:08.153292
8.95,2021-04-25 21:35:56.555961
1.72,2021-04-25 21:36:14.784242
3.23,2021-04-25 21:36:45.080142
1.19,2021-04-25 21:37:00.236125
1.13,2021-04-25 21:37:12.341703
1.01,2021-04-25 21:37:21.419165
3.24,2021-04-25 21:37:51.758147
1.00,2021-04-25 21:38:03.870541
11.22,2021-04-25 21:39:13.660049
3.55,2021-04-25 21:39:46.985940
41.79,2021-04-25 21:40:56.799714
1.63,2021-04-25 21:41:17.960142
87.27,2021-04-25 21:42:42.703884
2.03,2021-04-25 21:43:03.892879
1.24,2021-04-25 21:43:19.138680
6.58,2021-04-25 21:44:01.498100
4.95,2021-04-25 21:44:37.792091
1.70,2021-04-25 21:44:58.959564
1.02,2021-04-25 21:45:08.064368
1.91,2021-04-25 21:45:29.312956
5.35,2021-04-25 21:46:08.721996
2.21,2021-04-25 21:46:33.044791
,2021-04-25 21:46:45.136036
1.17,2021-04-25 21:46:48.193787
31.90,2021-04-25 21:47:54.874873
1.08,2021-04-25 21:48:07.037181
1.16,2021-04-25 21:48:19.159326
1.63,2021-04-25 21:48:37.359420
2.23,2021-04-25 21:49:01.584984
1.50,2021-04-25 21:49:19.683777
3.97,2021-04-25 21:49:53.078684
1.08,2021-04-25 21:50:05.222818
7.26,2021-04-25 21:50:47.652260
1.12,2021-04-25 21:50:59.823884
1.84,2021-04-25 21:51:20.976567
3.70,2021-04-25 21:51:54.229551
1.28,2021-04-25 21:52:09.466655
9.94,2021-04-25 21:52:57.834639
1.30,2021-04-25 21:53:13.035012
1.38,2021-04-25 21:53:28.206652
2.78,2021-04-25 21:53:55.442326
1.40,2021-04-25 21:54:13.678208
1.02,2021-04-25 21:54:22.779024
1.34,2021-04-25 21:54:37.972401
2.32,2021-04-25 21:55:02.231467
2.52,2021-04-25 21:55:29.530364
1.00,2021-04-25 21:55:38.658517
9.28,2021-04-25 21:56:27.259803
1.87,2021-04-25 21:56:48.495302
1.37,2021-04-25 21:57:03.626204
5.34,2021-04-25 21:57:42.944188
3.09,2021-04-25 21:58:13.277275
1.67,2021-04-25 21:58:31.411585
2.85,2021-04-25 21:59:01.718782
1.45,2021-04-25 21:59:16.843971
2.27,2021-04-25 21:59:41.111138
1.11,2021-04-25 21:59:53.206147
1.04,2021-04-25 22:00:05.294498
2.61,2021-04-25 22:00:32.516790
1.32,2021-04-25 22:00:47.693259
2.04,2021-04-25 22:01:08.872580
8.44,2021-04-25 22:01:54.363001
8.45,2021-04-25 22:02:42.915559
2.59,2021-04-25 22:03:10.148341
,2021-04-25 22:03:28.292025
1.83,2021-04-25 22:03:31.342155
2.35,2021-04-25 22:03:55.578313
3.97,2021-04-25 22:04:28.855021
1.08,2021-04-25 22:04:40.964067
1.14,2021-04-25 22:04:53.065610
2.61,2021-04-25 22:05:17.355695
2.05,2021-04-25 22:05:41.502955
1.23,2021-04-25 22:05:56.650074
3.48,2021-04-25 22:06:26.910202
4.81,2021-04-25 22:07:06.338795
4.43,2021-04-25 22:07:39.607051
1.76,2021-04-25 22:08:00.784446
2.69,2021-04-25 22:08:28.061082
1.63,2021-04-25 22:08:46.245217
1.08,2021-04-25 22:08:58.392310
3.06,2021-04-25 22:09:28.640580
1.81,2021-04-25 22:09:46.786750
1.17,2021-04-25 22:10:01.917500
1.14,2021-04-25 22:10:14.026210
9.43,2021-04-25 22:11:02.529711
4.27,2021-04-25 22:11:35.801025
35.83,2021-04-25 22:12:48.472522
2.29,2021-04-25 22:13:12.766233
1.00,2021-04-25 22:13:21.868726
1.04,2021-04-25 22:13:33.973255
1.01,2021-04-25 22:13:43.058952
1.56,2021-04-25 22:14:01.236450
1.10,2021-04-25 22:14:13.339298
2.17,2021-04-25 22:14:40.621294
2.06,2021-04-25 22:15:01.849197
1.24,2021-04-25 22:15:16.972577
1.00,2021-04-25 22:15:29.090433
1.45,2021-04-25 22:15:44.230349
7.41,2021-04-25 22:16:29.631675
,2021-04-25 22:16:53.887203
1.86,2021-04-25 22:23:43.742608
1.82,2021-04-25 22:24:04.899294
1.25,2021-04-25 22:24:20.071109
1.31,2021-04-25 22:24:35.243064
3.09,2021-04-25 22:25:05.532501
1.03,2021-04-25 22:25:17.684493
7.87,2021-04-25 22:25:59.999937
1.31,2021-04-25 22:26:15.123649
8.58,2021-04-25 22:27:03.540591
1.00,2021-04-25 22:27:12.659030
2.96,2021-04-25 22:27:42.954598
4.49,2021-04-25 22:28:16.260766
1.20,2021-04-25 22:28:31.488722
1.18,2021-04-25 22:28:43.602205
66.38,2021-04-25 22:30:05.269392
1.08,2021-04-25 22:30:17.379019
4.08,2021-04-25 22:30:50.662193
2.47,2021-04-25 22:31:17.931585
5.84,2021-04-25 22:31:57.306664
14.69,2021-04-25 22:32:51.867574
12.53,2021-04-25 22:33:43.279843
2.16,2021-04-25 22:34:07.493005
1.92,2021-04-25 22:34:28.640123
21.10,2021-04-25 22:35:32.207673
26.60,2021-04-25 22:36:35.950263
1.39,2021-04-25 22:36:51.166426
1.13,2021-04-25 22:37:06.368665
11.24,2021-04-25 22:37:54.858916
1.37,2021-04-25 22:38:13.038928
3.04,2021-04-25 22:38:40.378400
1.07,2021-04-25 22:38:52.544442
1.27,2021-04-25 22:39:07.659037
1.45,2021-04-25 22:39:22.814052
3.36,2021-04-25 22:39:56.094704
1.47,2021-04-25 22:40:11.284958
1.32,2021-04-25 22:40:26.464275
6.30,2021-04-25 22:41:08.797188
2.32,2021-04-25 22:41:33.025957
1.69,2021-04-25 22:41:54.243847
2.20,2021-04-25 22:42:15.396606
2.62,2021-04-25 22:42:42.725616
3.32,2021-04-25 22:43:13.007517
3.61,2021-04-25 22:43:46.258794
47.03,2021-04-25 22:45:01.922901
1.13,2021-04-25 22:45:14.031176
1.69,2021-04-25 22:45:32.206698
7.76,2021-04-25 22:46:17.588227
1.03,2021-04-25 22:46:29.687947
1.54,2021-04-25 22:46:47.872809
4.79,2021-04-25 22:47:24.226233
1.86,2021-04-25 22:47:45.401883
1.95,2021-04-25 22:48:06.606250
1.36,2021-04-25 22:48:21.734608
5.04,2021-04-25 22:48:58.086940
8.02,2021-04-25 22:49:43.459075
1.97,2021-04-25 22:50:07.638207
4.76,2021-04-25 22:50:44.074059
1.00,2021-04-25 22:50:53.212195
2.86,2021-04-25 22:51:20.556784
20.33,2021-04-25 22:52:24.318211
1.00,2021-04-25 22:52:33.439296
1.48,2021-04-25 22:52:51.593759
1.49,2021-04-25 22:53:09.757877
3.07,2021-04-25 22:53:36.977028
,2021-04-25 22:54:01.224104
3.18,2021-04-26 00:22:07.130368
2.23,2021-04-26 00:22:31.314984
2.42,2021-04-26 00:22:55.521032
1.13,2021-04-26 00:23:07.599751
1.56,2021-04-26 00:23:25.749016
1.68,2021-04-26 00:23:46.921927
1.52,2021-04-26 00:24:05.066856
4.21,2021-04-26 00:24:38.353949
15.62,2021-04-26 00:25:35.864249
9.42,2021-04-26 00:26:21.198971
12.82,2021-04-26 00:27:15.720085
2.59,2021-04-26 00:27:42.916998
1.74,2021-04-26 00:28:01.074222
4.67,2021-04-26 00:28:37.368976
39.55,2021-04-26 00:29:50.072415
6.30,2021-04-26 00:30:32.449089
16.82,2021-04-26 00:31:30.033398
1.00,2021-04-26 00:31:39.088948
2.21,2021-04-26 00:32:03.328007
3.22,2021-04-26 00:32:33.583844
1.06,2021-04-26 00:32:42.652279
30.51,2021-04-26 00:33:52.313741
1.73,2021-04-26 00:34:10.506034
3.94,2021-04-26 00:34:43.794039
1.01,2021-04-26 00:34:55.891700
3.79,2021-04-26 00:35:29.271248
2.49,2021-04-26 00:35:53.465540
1.83,2021-04-26 00:36:14.628345
1.00,2021-04-26 00:36:23.721819
1.54,2021-04-26 00:36:41.896408
1.72,2021-04-26 00:37:03.095349
2.35,2021-04-26 00:37:27.345701
3.56,2021-04-26 00:37:57.671260
3.10,2021-04-26 00:38:27.897238
1.01,2021-04-26 00:38:39.999964
3.16,2021-04-26 00:39:07.203606
1.08,2021-04-26 00:39:19.311612
14.72,2021-04-26 00:40:16.865495
1.52,2021-04-26 00:40:32.000698
7.07,2021-04-26 00:41:17.402272
2.06,2021-04-26 00:41:38.610085
5.56,2021-04-26 00:42:17.928824
2.91,2021-04-26 00:42:45.197500
1.12,2021-04-26 00:42:57.305142
1.00,2021-04-26 00:43:09.423818
1.72,2021-04-26 00:43:39.698045
1.11,2021-04-26 00:43:51.798690
1.49,2021-04-26 00:44:06.931020
16.03,2021-04-26 00:45:04.516587
1.05,2021-04-26 00:45:16.638360
1.56,2021-04-26 00:45:34.834796
3.13,2021-04-26 00:46:02.092793
4.71,2021-04-26 00:46:38.441920
1.14,2021-04-26 00:46:53.572265
1.81,2021-04-26 00:47:11.739453
17.41,2021-04-26 00:48:12.272793
1.02,2021-04-26 00:48:21.349224
3.04,2021-04-26 00:48:51.621265
5.95,2021-04-26 00:49:31.016207
1.00,2021-04-26 00:49:40.103708
2.54,2021-04-26 00:50:07.356436
2.99,2021-04-26 00:50:34.633032
20.51,2021-04-26 00:51:38.216050
1.00,2021-04-26 00:51:47.294850
2.77,2021-04-26 00:52:14.560952
5.80,2021-04-26 00:52:53.937227
1.06,2021-04-26 00:53:06.035990
10.51,2021-04-26 00:53:54.494961
1.00,2021-04-26 00:54:06.669479
3.12,2021-04-26 00:54:36.944958
1.32,2021-04-26 00:54:52.087499
6.26,2021-04-26 00:55:31.472542
1.00,2021-04-26 00:55:43.606852
1.95,2021-04-26 00:56:04.776424
6.15,2021-04-26 00:56:44.132371
1.38,2021-04-26 00:56:59.241105
4.45,2021-04-26 00:57:35.565434
1.12,2021-04-26 00:57:47.676663
,2021-04-26 00:58:02.788411
1.35,2021-04-26 00:58:05.820919
1.19,2021-04-26 00:58:17.928106
2.12,2021-04-26 00:58:42.149283
1.58,2021-04-26 00:59:00.298382
4.03,2021-04-26 00:59:33.614378
5.97,2021-04-26 01:00:12.978644
1.15,2021-04-26 01:00:25.098444
1.01,2021-04-26 01:00:37.214365
4.81,2021-04-26 01:01:13.506737
2.17,2021-04-26 01:01:37.747282
2.18,2021-04-26 01:01:58.939771
1.86,2021-04-26 01:02:20.168342
1.57,2021-04-26 01:02:38.351548
2.05,2021-04-26 01:03:02.587261
1.00,2021-04-26 01:03:11.691696
2.65,2021-04-26 01:03:38.908446
3.32,2021-04-26 01:04:09.199823
4.22,2021-04-26 01:04:42.549365
,2021-04-26 01:05:00.696559
1.68,2021-04-26 01:05:03.719381
3.50,2021-04-26 01:05:34.028473
2.23,2021-04-26 01:05:58.252385
2.09,2021-04-26 01:06:22.498312
2.62,2021-04-26 01:06:46.699623
1.00,2021-04-26 01:06:58.833432
1.25,2021-04-26 01:07:10.959687
1.06,2021-04-26 01:07:23.092280
1.00,2021-04-26 01:07:32.169712
1.41,2021-04-26 01:07:50.335636
2.45,2021-04-26 01:08:14.587744
28.79,2021-04-26 01:09:21.197557
,2021-04-26 01:10:21.739302
21.68,2021-04-26 01:10:24.761686
30.41,2021-04-26 01:11:31.452204
2.06,2021-04-26 01:11:55.669909
1.01,2021-04-26 01:12:04.749600
2.92,2021-04-26 01:12:32.018493
1.52,2021-04-26 01:12:50.154846
15.28,2021-04-26 01:13:47.678309
1.00,2021-04-26 01:13:56.770960
1.41,2021-04-26 01:14:11.918509
5.96,2021-04-26 01:14:54.336505
3.36,2021-04-26 01:15:24.589852
1.94,2021-04-26 01:15:45.765928
2.23,2021-04-26 01:16:10.013164
1.00,2021-04-26 01:16:19.079218
2.30,2021-04-26 01:16:43.291814
2.18,2021-04-26 01:17:07.565282
1.86,2021-04-26 01:17:28.759199
5.47,2021-04-26 01:18:08.144517
5.68,2021-04-26 01:18:47.524162
55.44,2021-04-26 01:20:03.196298
2.61,2021-04-26 01:20:30.439616
1.37,2021-04-26 01:20:45.608129
1.11,2021-04-26 01:20:57.716373
2.26,2021-04-26 01:21:21.959239
5.65,2021-04-26 01:22:01.325936
1.13,2021-04-26 01:22:13.438989
4.95,2021-04-26 01:22:52.822256
1.21,2021-04-26 01:23:04.936728
3.16,2021-04-26 01:23:35.299553
7.85,2021-04-26 01:24:20.715639
1.00,2021-04-26 01:24:29.791408
6.74,2021-04-26 01:25:24.268374
3.63,2021-04-26 01:25:54.513289
1.23,2021-04-26 01:26:09.669195
6.57,2021-04-26 01:26:52.096226
1.26,2021-04-26 01:27:04.175460
2.03,2021-04-26 01:27:28.419121
2.40,2021-04-26 01:27:52.668698
1.75,2021-04-26 01:28:13.867653
1.63,2021-04-26 01:28:32.030187
1.30,2021-04-26 01:28:47.134160
1.73,2021-04-26 01:29:05.303034
12.04,2021-04-26 01:29:56.761349
1.57,2021-04-26 01:30:14.927280
2.31,2021-04-26 01:30:39.148210
1.59,2021-04-26 01:30:57.322505
1.48,2021-04-26 01:31:15.532259
1.00,2021-04-26 01:31:24.618335
1.46,2021-04-26 01:31:42.773613
1.73,2021-04-26 01:32:03.940193
1.19,2021-04-26 01:32:16.071644
1.08,2021-04-26 01:32:28.201159
1.00,2021-04-26 01:32:37.331804
1.53,2021-04-26 01:32:55.504815
1.42,2021-04-26 01:33:10.646421
16.36,2021-04-26 01:34:08.164557
2.40,2021-04-26 01:34:32.413507
1.30,2021-04-26 01:34:47.546773
1.16,2021-04-26 01:35:02.677667
1.00,2021-04-26 01:35:11.770042
1.99,2021-04-26 01:35:33.017408
2.54,2021-04-26 01:36:00.299722
1.82,2021-04-26 01:36:21.531233
1.06,2021-04-26 01:36:30.631721
1.19,2021-04-26 01:36:45.788905
3.20,2021-04-26 01:37:16.166036
20.82,2021-04-26 01:38:16.704572
1.11,2021-04-26 01:38:28.822126
1.03,2021-04-26 01:38:37.892809
4.24,2021-04-26 01:39:14.276821
2.86,2021-04-26 01:39:41.554430
3.73,2021-04-26 01:40:14.860048
1.96,2021-04-26 01:40:36.015803
2.29,2021-04-26 01:41:00.276354
1.10,2021-04-26 01:41:12.394706
1.03,2021-04-26 01:41:21.506985
1.00,2021-04-26 01:41:33.606052
7.67,2021-04-26 01:42:15.981732
1.15,2021-04-26 01:42:28.122654
2.48,2021-04-26 01:42:55.413318
1.55,2021-04-26 01:43:13.610155
15.13,2021-04-26 01:44:08.154917
5.65,2021-04-26 01:44:47.582580
1.49,2021-04-26 01:45:05.737170
4.29,2021-04-26 01:45:39.039615
2.75,2021-04-26 01:46:06.239472
1.13,2021-04-26 01:46:18.354474
11.59,2021-04-26 01:47:09.822215
3.46,2021-04-26 01:47:43.102767
2.55,2021-04-26 01:48:07.295329
1.52,2021-04-26 01:48:25.469452
1.54,2021-04-26 01:48:43.669957
1.32,2021-04-26 01:48:58.785400
117.10,2021-04-26 01:50:26.572955
3.90,2021-04-26 01:50:59.872109
1.17,2021-04-26 01:51:15.044399
15.67,2021-04-26 01:52:09.556562
1.06,2021-04-26 01:52:21.693010
1.29,2021-04-26 01:52:36.874715
18.13,2021-04-26 01:53:34.482991
5.48,2021-04-26 01:54:13.941323
1.25,2021-04-26 01:54:26.036069
6.66,2021-04-26 01:55:08.505255
1.07,2021-04-26 01:55:20.639735
1.18,2021-04-26 01:55:32.752648
1.28,2021-04-26 01:55:47.887212
1.09,2021-04-26 01:55:59.997519
1.25,2021-04-26 01:56:15.170062
1.48,2021-04-26 01:56:30.277468
1.00,2021-04-26 01:56:42.411627
4.89,2021-04-26 01:57:18.728037
1.00,2021-04-26 01:57:27.848397
1.50,2021-04-26 01:57:46.034066
3.80,2021-04-26 01:58:19.332018
1.00,2021-04-26 01:58:28.413667
5.13,2021-04-26 01:59:07.794746
7.07,2021-04-26 01:59:50.210031
5.64,2021-04-26 02:00:29.582455
3.20,2021-04-26 02:00:59.843316
7.23,2021-04-26 02:01:42.201751
4.65,2021-04-26 02:02:18.515719
1.05,2021-04-26 02:02:27.602281
2.02,2021-04-26 02:02:51.815717
6.13,2021-04-26 02:03:31.159650
1.00,2021-04-26 02:03:40.251296
2.78,2021-04-26 02:04:19.593202
7.77,2021-04-26 02:05:05.039412
1.34,2021-04-26 02:05:20.212583
1.21,2021-04-26 02:05:32.298343
1.06,2021-04-26 02:05:44.403362
1.00,2021-04-26 02:05:53.532278
8.38,2021-04-26 02:06:38.942655
1.65,2021-04-26 02:07:00.129704
2.95,2021-04-26 02:07:27.401528
2.50,2021-04-26 02:07:51.641319
1.87,2021-04-26 02:08:12.838832
1.37,2021-04-26 02:08:27.988652
1.90,2021-04-26 02:08:49.179893
15.59,2021-04-26 02:09:46.732064
3.17,2021-04-26 02:10:17.038214
3.91,2021-04-26 02:10:50.343112
6.36,2021-04-26 02:11:29.694942
1.06,2021-04-26 02:11:41.821885
5.41,2021-04-26 02:12:21.186210
2.36,2021-04-26 02:12:45.437085
4.02,2021-04-26 02:13:18.733895
7.77,2021-04-26 02:14:01.118140
1.39,2021-04-26 02:14:19.230838
198.49,2021-04-26 02:15:56.075949
7.42,2021-04-26 02:16:41.575333
1.66,2021-04-26 02:16:59.776137
,2021-04-26 02:17:08.884404
1.02,2021-04-26 02:17:11.908548
1.04,2021-04-26 02:17:21.011608
7.54,2021-04-26 02:18:06.463594
1.14,2021-04-26 02:18:18.589488
1.51,2021-04-26 02:18:33.731951
1.00,2021-04-26 02:18:45.832859
1.71,2021-04-26 02:19:13.141544
2.60,2021-04-26 02:19:40.478419
2.95,2021-04-26 02:20:10.741307
1.40,2021-04-26 02:20:25.905120
1.70,2021-04-26 02:20:44.079726
2.42,2021-04-26 02:21:08.273442
5.68,2021-04-26 02:21:47.617551
2.65,2021-04-26 02:22:14.864806
1.44,2021-04-26 02:22:33.069585
1.00,2021-04-26 02:22:42.151556
1.16,2021-04-26 02:22:54.286495
1.17,2021-04-26 02:23:06.404556
8.94,2021-04-26 02:23:54.877952
24.40,2021-04-26 02:24:58.401723
3.62,2021-04-26 02:25:28.663352
2.62,2021-04-26 02:25:55.892046
5.03,2021-04-26 02:26:32.293754
2.46,2021-04-26 02:26:59.584074
1.10,2021-04-26 02:27:11.688184
1.63,2021-04-26 02:27:29.850731
1.38,2021-04-26 02:27:45.004447
15.47,2021-04-26 02:28:39.579979
1.53,2021-04-26 02:28:57.746526
1.00,2021-04-26 02:29:06.817161
1.49,2021-04-26 02:29:24.992781
1.38,2021-04-26 02:29:40.131935
2.52,2021-04-26 02:30:07.440412
1.06,2021-04-26 02:30:16.528035
1.30,2021-04-26 02:30:31.643307
2.41,2021-04-26 02:30:58.904131
1.54,2021-04-26 02:31:17.100469
11.31,2021-04-26 02:32:05.492662
3.06,2021-04-26 02:32:35.736213
1.98,2021-04-26 02:32:56.968639
,2021-04-26 02:33:54.556857
17.93,2021-04-26 02:33:57.586139
1.98,2021-04-26 02:34:18.742520
2.69,2021-04-26 02:34:45.986510
1.35,2021-04-26 02:35:01.105594
1.99,2021-04-26 02:35:22.301401
26.11,2021-04-26 02:36:25.899216
1.25,2021-04-26 02:36:41.054901
1.00,2021-04-26 02:36:50.138430
2.02,2021-04-26 02:37:11.303512
1.44,2021-04-26 02:37:29.449690
1.11,2021-04-26 02:37:41.627946
1.16,2021-04-26 02:37:53.730137
716.67,2021-04-26 02:39:54.930846
2.59,2021-04-26 02:40:19.129453
1.60,2021-04-26 02:40:37.321933
9.63,2021-04-26 02:41:25.762252
17.69,2021-04-26 02:42:23.247364
3.17,2021-04-26 02:42:53.561580
1.10,2021-04-26 02:43:05.677230
1.37,2021-04-26 02:43:20.840977
1.09,2021-04-26 02:43:32.923925
1.42,2021-04-26 02:43:48.066234
15.15,2021-04-26 02:44:45.650266
1.32,2021-04-26 02:45:00.795632
4.46,2021-04-26 02:45:34.126508
1.59,2021-04-26 02:45:52.328581
1.14,2021-04-26 02:46:04.436148
1.35,2021-04-26 02:46:19.596537
3.28,2021-04-26 02:46:49.913831
1.59,2021-04-26 02:47:08.085979
1.34,2021-04-26 02:47:23.215701
1.69,2021-04-26 02:47:44.412084
27.30,2021-04-26 02:48:48.004330
1.66,2021-04-26 02:49:06.226404
3.72,2021-04-26 02:49:39.540580
1.24,2021-04-26 02:49:54.668026
2.55,2021-04-26 02:50:18.910095
9.88,2021-04-26 02:51:07.349663
1.24,2021-04-26 02:51:22.477118
1.20,2021-04-26 02:51:34.588052
1.01,2021-04-26 02:51:46.709790
3.41,2021-04-26 02:52:16.986161
3.59,2021-04-26 02:52:47.314940
1.41,2021-04-26 02:53:02.489843
690.20,2021-04-26 02:55:03.763038
1.08,2021-04-26 02:55:15.876232
2.16,2021-04-26 02:55:37.035192
2.06,2021-04-26 02:56:01.280356
35.89,2021-04-26 02:57:11.000954
1.62,2021-04-26 02:57:29.154538
1.20,2021-04-26 02:57:41.267131
1.00,2021-04-26 02:57:50.351454
1.62,2021-04-26 02:58:08.560631
5.41,2021-04-26 02:58:47.939697
2.11,2021-04-26 02:59:12.227229
3.95,2021-04-26 02:59:45.521151
1.06,2021-04-26 02:59:54.595236
1.70,2021-04-26 03:00:15.782483
2.57,2021-04-26 03:00:40.016335
,2021-04-26 03:00:55.170852
1.41,2021-04-26 03:00:58.205583
1.19,2021-04-26 03:01:10.348380
1.00,2021-04-26 03:01:19.443441
1.49,2021-04-26 03:01:37.675991
1.00,2021-04-26 03:01:46.755081
29.72,2021-04-26 03:02:53.318160
2.14,2021-04-26 03:03:17.478627
2.25,2021-04-26 03:03:41.660012
3.73,2021-04-26 03:04:11.906657
1.23,2021-04-26 03:04:27.023309
1.34,2021-04-26 03:04:42.168858
1.36,2021-04-26 03:04:57.316224
4.18,2021-04-26 03:05:30.615403
1.18,2021-04-26 03:05:42.762816
1.17,2021-04-26 03:05:57.897925
3.30,2021-04-26 03:06:28.236269
1.21,2021-04-26 03:06:40.355227
5.46,2021-04-26 03:07:19.744624
2.60,2021-04-26 03:07:47.027620
1.32,2021-04-26 03:07:59.150870
1.28,2021-04-26 03:08:14.294133
2.34,2021-04-26 03:08:38.555692
1.39,2021-04-26 03:08:53.688768
1.48,2021-04-26 03:09:11.882087
1.03,2021-04-26 03:09:20.983524
1.29,2021-04-26 03:09:36.117883
3.13,2021-04-26 03:10:06.412169
1.39,2021-04-26 03:10:21.547222
1.14,2021-04-26 03:10:33.631624
1.67,2021-04-26 03:10:51.795030
2.98,2021-04-26 03:11:22.106919
2.75,2021-04-26 03:11:49.316051
4.16,2021-04-26 03:12:22.630743
1.10,2021-04-26 03:12:34.731638
1.33,2021-04-26 03:12:49.844601
1.13,2021-04-26 03:13:01.975091
7.61,2021-04-26 03:13:44.393288
1.96,2021-04-26 03:14:05.593195
1.55,2021-04-26 03:14:23.771742
1.88,2021-04-26 03:14:44.956973
1.00,2021-04-26 03:14:54.069784
7.89,2021-04-26 03:15:39.482471
11.53,2021-04-26 03:16:30.924677
1.15,2021-04-26 03:16:43.028205
4.30,2021-04-26 03:17:19.392879
2.35,2021-04-26 03:17:43.627386
1.00,2021-04-26 03:17:52.711574
1.80,2021-04-26 03:18:13.881567
1.26,2021-04-26 03:18:25.986835
1.91,2021-04-26 03:18:47.201600
1.70,2021-04-26 03:19:08.420649
1.27,2021-04-26 03:19:20.575255
3.48,2021-04-26 03:19:50.856364
5.71,2021-04-26 03:20:30.280273
1.49,2021-04-26 03:20:48.485058
2.21,2021-04-26 03:21:12.690496
1.32,2021-04-26 03:21:27.806349
1.26,2021-04-26 03:21:39.940498
7.77,2021-04-26 03:22:25.401085
1.88,2021-04-26 03:22:46.597966
1.00,2021-04-26 03:22:55.696889
1.88,2021-04-26 03:23:16.898124
5.39,2021-04-26 03:23:56.236502
1.62,2021-04-26 03:24:14.404399
1.20,2021-04-26 03:24:26.523502
1.14,2021-04-26 03:24:38.669168
2.91,2021-04-26 03:25:05.905251
1.03,2021-04-26 03:25:18.034921
17.68,2021-04-26 03:26:15.632648
1.56,2021-04-26 03:26:33.750673
9.52,2021-04-26 03:27:22.240664
1.00,2021-04-26 03:27:31.342291
9.43,2021-04-26 03:28:19.747336
1.16,2021-04-26 03:28:31.857027
2.58,2021-04-26 03:28:59.160199
1.89,2021-04-26 03:29:20.397505
1.30,2021-04-26 03:29:32.506308
1.92,2021-04-26 03:29:53.702059
3.06,2021-04-26 03:30:23.968427
1.00,2021-04-26 03:30:33.059852
438.16,2021-04-26 03:32:25.034205
3.19,2021-04-26 03:32:55.249394
1.44,2021-04-26 03:33:10.362972
2.64,2021-04-26 03:33:37.586128
10.43,2021-04-26 03:34:26.074308
44.26,2021-04-26 03:35:41.910973
1.29,2021-04-26 03:35:54.025015
2.36,2021-04-26 03:36:18.242175
1.10,2021-04-26 03:36:30.344500
1.00,2021-04-26 03:36:42.459241
1.28,2021-04-26 03:36:54.579667
1.06,2021-04-26 03:37:06.689207
1.15,2021-04-26 03:37:18.839707
7.31,2021-04-26 03:38:04.281493
1.03,2021-04-26 03:38:13.386882
7.54,2021-04-26 03:38:58.859399
1.49,2021-04-26 03:39:14.003926
12.40,2021-04-26 03:40:05.524368
1.10,2021-04-26 03:40:17.658593
1.55,2021-04-26 03:40:35.824605
19.80,2021-04-26 03:41:36.391415
1.00,2021-04-26 03:41:45.477182
1.30,2021-04-26 03:42:00.617215
1.48,2021-04-26 03:42:15.753199
1.00,2021-04-26 03:42:27.901179
1.77,2021-04-26 03:42:46.075007
8.92,2021-04-26 03:43:34.568919
25.51,2021-04-26 03:44:38.170877
3.78,2021-04-26 03:45:11.523829
1.98,2021-04-26 03:45:32.774357
3.57,2021-04-26 03:46:03.028790
1.63,2021-04-26 03:46:21.222739
2.74,2021-04-26 03:46:48.486559
1.27,2021-04-26 03:47:03.643787
1.30,2021-04-26 03:47:18.762581
1.00,2021-04-26 03:47:27.856378
1.03,2021-04-26 03:47:40.012189
1.13,2021-04-26 03:47:52.129136
7.92,2021-04-26 03:48:34.537345
2.02,2021-04-26 03:48:58.794729
1.23,2021-04-26 03:49:10.929057
1.42,2021-04-26 03:49:26.054376
1.00,2021-04-26 03:49:38.147503
3.27,2021-04-26 03:50:08.460162
2.13,2021-04-26 03:50:29.665643
2.87,2021-04-26 03:50:59.943881
2.88,2021-04-26 03:51:27.204885
1.48,2021-04-26 03:51:42.367107
4.57,2021-04-26 03:52:18.690060
4.29,2021-04-26 03:52:55.076452
10.01,2021-04-26 03:53:43.548645
6.26,2021-04-26 03:54:22.926204
5.73,2021-04-26 03:55:02.303920
3.48,2021-04-26 03:55:32.626821
4.90,2021-04-26 03:56:08.993669
9.12,2021-04-26 03:56:57.452280
1.02,2021-04-26 03:57:09.574838
1.64,2021-04-26 03:57:27.740359
72.28,2021-04-26 03:58:49.554999
1.41,2021-04-26 03:59:04.681481
13.85,2021-04-26 03:59:59.258379
3.07,2021-04-26 04:00:26.513103
6.35,2021-04-26 04:01:08.957455
2.65,2021-04-26 04:01:36.214116
13.44,2021-04-26 04:02:27.712012
7.83,2021-04-26 04:03:13.196898
20.71,2021-04-26 04:04:13.791037
1.10,2021-04-26 04:04:25.921641
2.70,2021-04-26 04:04:53.183488
7.07,2021-04-26 04:05:35.648261
2.48,2021-04-26 04:05:59.894900
1.73,2021-04-26 04:06:21.116916
2.76,2021-04-26 04:06:48.343836
7.52,2021-04-26 04:07:30.752514
1.41,2021-04-26 04:07:48.943994
1.33,2021-04-26 04:08:04.094484
6.07,2021-04-26 04:08:43.464488
1.23,2021-04-26 04:08:55.588130
5.68,2021-04-26 04:09:34.954524
3.42,2021-04-26 04:10:08.345448
2.07,2021-04-26 04:10:29.555707
1.36,2021-04-26 04:10:44.699053
2.32,2021-04-26 04:11:08.935754
4.02,2021-04-26 04:11:42.238795
1.52,2021-04-26 04:12:00.438083
24.24,2021-04-26 04:13:04.052537
4.93,2021-04-26 04:13:40.440321
1.68,2021-04-26 04:13:58.617658
15.41,2021-04-26 04:15:14.366180
1.11,2021-04-26 04:15:26.495689
1.61,2021-04-26 04:15:44.678887
1.76,2021-04-26 04:16:02.838982
1.26,2021-04-26 04:16:18.010311
1.45,2021-04-26 04:16:33.190613
22.90,2021-04-26 04:17:36.826846
1.87,2021-04-26 04:17:58.045436
1.44,2021-04-26 04:18:13.225557
3.13,2021-04-26 04:18:43.496912
1.02,2021-04-26 04:18:52.577608
1.37,2021-04-26 04:19:07.694914
1.86,2021-04-26 04:19:28.908863
130.57,2021-04-26 04:20:59.957518
1.00,2021-04-26 04:21:12.085234
3.87,2021-04-26 04:21:42.394952
1.75,2021-04-26 04:22:03.549196
14.53,2021-04-26 04:22:58.071448
1.00,2021-04-26 04:23:07.167414
3.45,2021-04-26 04:23:40.472764
1.65,2021-04-26 04:23:58.640216
57.80,2021-04-26 04:25:14.407293
10.41,2021-04-26 04:26:05.922684
4.89,2021-04-26 04:26:42.319149
1.07,2021-04-26 04:26:51.407539
1.59,2021-04-26 04:27:09.580237
1.00,2021-04-26 04:27:21.681687
2.16,2021-04-26 04:27:42.896145
4.19,2021-04-26 04:28:19.300018
8.73,2021-04-26 04:29:04.735784
149.85,2021-04-26 04:30:38.747638
5.26,2021-04-26 04:31:15.152575
3.49,2021-04-26 04:31:48.456344
1.63,2021-04-26 04:32:06.641076
1.09,2021-04-26 04:32:15.752363
1.20,2021-04-26 04:32:30.897703
2.04,2021-04-26 04:32:51.518281
3.87,2021-04-26 04:33:24.852743
2.20,2021-04-26 04:33:49.093490
8.32,2021-04-26 04:34:34.526491
1.29,2021-04-26 04:34:49.730354
2.74,2021-04-26 04:35:13.975958
2.71,2021-04-26 04:35:41.276853
3.22,2021-04-26 04:36:11.549421
30.96,2021-04-26 04:37:21.199221
8.53,2021-04-26 04:38:06.661805
1.00,2021-04-26 04:38:15.737339
1.11,2021-04-26 04:38:27.869895
1.65,2021-04-26 04:38:46.044151
2.09,2021-04-26 04:39:07.266823
2.15,2021-04-26 04:39:31.522608
2.38,2021-04-26 04:39:58.813560
2.28,2021-04-26 04:40:19.999273
1.00,2021-04-26 04:40:32.118083
2.01,2021-04-26 04:40:53.343326
2.15,2021-04-26 04:41:17.576645
10.84,2021-04-26 04:42:06.071241
20.86,2021-04-26 04:43:06.763297
3.66,2021-04-26 04:43:40.082625
3.40,2021-04-26 04:44:10.407536
1.31,2021-04-26 04:44:25.578200
1.81,2021-04-26 04:44:43.751567
3.20,2021-04-26 04:45:14.126953
7.61,2021-04-26 04:45:59.554262
5.58,2021-04-26 04:46:38.912231
1.33,2021-04-26 04:46:54.048245
4.55,2021-04-26 04:47:27.372546
3.32,2021-04-26 04:47:57.651214
1.07,2021-04-26 04:48:09.790395
3.01,2021-04-26 04:48:37.123443
3.29,2021-04-26 04:49:07.433620
4.53,2021-04-26 04:49:43.828789
5.92,2021-04-26 04:50:23.258893
1.00,2021-04-26 04:50:35.375562
2.93,2021-04-26 04:51:11.717454
1.22,2021-04-26 04:51:26.872403
1.14,2021-04-26 04:51:39.009529
2.38,2021-04-26 04:52:03.329472
1.14,2021-04-26 04:52:15.453732
3.58,2021-04-26 04:52:45.724139
1.27,2021-04-26 04:53:00.898973
4.39,2021-04-26 04:53:37.284408
2.98,2021-04-26 04:54:04.551090
1.88,2021-04-26 04:54:25.749751
1.00,2021-04-26 04:54:34.840816
7.12,2021-04-26 04:55:20.288882
1.71,2021-04-26 04:55:38.505859
1.62,2021-04-26 04:55:56.696516
4.10,2021-04-26 04:56:30.015724
1.00,2021-04-26 04:56:39.107022
1.18,2021-04-26 04:56:54.240286
,2021-04-26 04:57:09.434117
1.55,2021-04-26 04:57:12.480326
1.19,2021-04-26 04:57:24.614053
2.98,2021-04-26 04:57:51.905661
1.24,2021-04-26 04:58:07.071087
5.93,2021-04-26 04:58:46.459170
7.48,2021-04-26 04:59:28.916101
1.30,2021-04-26 04:59:44.117681
1.78,2021-04-26 05:00:05.345014
1.22,2021-04-26 05:00:17.471649
1.16,2021-04-26 05:00:29.604190
1.08,2021-04-26 05:00:41.750765
9.79,2021-04-26 05:01:30.238491
1.93,2021-04-26 05:01:51.463455
3.81,2021-04-26 05:02:24.802081
4.00,2021-04-26 05:02:58.169952
5.48,2021-04-26 05:03:37.596567
1.72,2021-04-26 05:03:55.787179
7.03,2021-04-26 05:04:38.224373
11.69,2021-04-26 05:05:29.785011
1.20,2021-04-26 05:05:41.927226
1.10,2021-04-26 05:05:54.079319
62.78,2021-04-26 05:07:12.962809
7.83,2021-04-26 05:07:58.415185
1.00,2021-04-26 05:08:07.503325
1.21,2021-04-26 05:08:22.663532
1.00,2021-04-26 05:08:31.755998
5.55,2021-04-26 05:09:11.124553
1.78,2021-04-26 05:09:29.364065
33.45,2021-04-26 05:10:39.083624
1.08,2021-04-26 05:10:51.204473
2.51,2021-04-26 05:11:15.466522
1.07,2021-04-26 05:11:27.598439
1.85,2021-04-26 05:11:48.801676
1.35,2021-04-26 05:12:03.948905
2.03,2021-04-26 05:12:25.149807
1.92,2021-04-26 05:12:46.379239
3.50,2021-04-26 05:13:16.699408
7.40,2021-04-26 05:14:02.142804
1.40,2021-04-26 05:14:17.284336
1.07,2021-04-26 05:14:29.453753
6.31,2021-04-26 05:15:08.862672
1.33,2021-04-26 05:15:24.020848
1.25,2021-04-26 05:15:39.161662
5.59,2021-04-26 05:16:18.566099
15.12,2021-04-26 05:17:13.082125
1.14,2021-04-26 05:17:25.191704
1.36,2021-04-26 05:17:40.338268
1.43,2021-04-26 05:17:55.470214
7.00,2021-04-26 05:18:37.875135
2.37,2021-04-26 05:19:05.141231
1.52,2021-04-26 05:19:23.332527
1.03,2021-04-26 05:19:32.418772
2.80,2021-04-26 05:19:59.704090
3.93,2021-04-26 05:20:33.009292
1.00,2021-04-26 05:20:45.132397
4.45,2021-04-26 05:21:18.499452
1.00,2021-04-26 05:21:27.606978
1.78,2021-04-26 05:21:48.797243
1.48,2021-04-26 05:22:06.983655
3.32,2021-04-26 05:22:37.332201
1.04,2021-04-26 05:22:46.431571
1.12,2021-04-26 05:22:58.596800
1.26,2021-04-26 05:23:13.738905
28.11,2021-04-26 05:24:17.453655
1.66,2021-04-26 05:24:38.698153
1.59,2021-04-26 05:24:56.876716
2.17,2021-04-26 05:25:18.114327
1.44,2021-04-26 05:25:36.301605
1.87,2021-04-26 05:25:54.501141
1.05,2021-04-26 05:26:06.615660
1.37,2021-04-26 05:26:21.754811
2.41,2021-04-26 05:26:45.982919
1.46,2021-04-26 05:27:04.172773
4.66,2021-04-26 05:27:40.525485
2.51,2021-04-26 05:28:04.726743
1.02,2021-04-26 05:28:16.842939
1.30,2021-04-26 05:28:28.967372
2.10,2021-04-26 05:28:53.270024
1.09,2021-04-26 05:29:05.430215
1.47,2021-04-26 05:29:20.592803
1.00,2021-04-26 05:29:32.741782
1.54,2021-04-26 05:29:47.863145
2.35,2021-04-26 05:30:12.130014
1.88,2021-04-26 05:30:33.346549
1.80,2021-04-26 05:30:54.574478
1.22,2021-04-26 05:31:06.700768
1.20,2021-04-26 05:31:21.887375
2.20,2021-04-26 05:31:43.118331
1.79,2021-04-26 05:32:04.321510
2.34,2021-04-26 05:32:28.589282
1.43,2021-04-26 05:32:43.777964
5.43,2021-04-26 05:33:23.134177
1.00,2021-04-26 05:33:32.238059
3.95,2021-04-26 05:34:05.551239
3.56,2021-04-26 05:34:35.862492
1.86,2021-04-26 05:34:57.105315
7.02,2021-04-26 05:35:39.598063
6.73,2021-04-26 05:36:22.004622
1.05,2021-04-26 05:36:34.117734
4.22,2021-04-26 05:37:07.445353
8.28,2021-04-26 05:37:52.887428
1.58,2021-04-26 05:38:11.045698
1.84,2021-04-26 05:38:32.239883
1.11,2021-04-26 05:38:44.409013
1.40,2021-04-26 05:38:59.567686
1.93,2021-04-26 05:39:20.738596
1.14,2021-04-26 05:39:32.871324
2.38,2021-04-26 05:39:57.077247
1.05,2021-04-26 05:40:09.200062
1.03,2021-04-26 05:40:18.285861
8.47,2021-04-26 05:41:03.743260
1.93,2021-04-26 05:41:24.959093
1.83,2021-04-26 05:41:46.168493
2.52,2021-04-26 05:42:13.435691
2.69,2021-04-26 05:42:37.675042
1.20,2021-04-26 05:42:52.817540
2.76,2021-04-26 05:43:20.101685
1.04,2021-04-26 05:43:29.185354
3.30,2021-04-26 05:43:59.452674
6.60,2021-04-26 05:44:41.886761
4.66,2021-04-26 05:45:18.259608
8.48,2021-04-26 05:46:03.712518
1.37,2021-04-26 05:46:18.893194
1.81,2021-04-26 05:46:40.134061
2.20,2021-04-26 05:47:04.363302
1.47,2021-04-26 05:47:19.515738
73.09,2021-04-26 05:48:41.506810
2.16,2021-04-26 05:49:05.749314
16.17,2021-04-26 05:50:00.359864
1.00,2021-04-26 05:50:12.481177
1.70,2021-04-26 05:50:30.668934
1.53,2021-04-26 05:50:48.869656
1.78,2021-04-26 05:51:07.051144
2.26,2021-04-26 05:51:31.322748
1.78,2021-04-26 05:51:52.558792
1.00,2021-04-26 05:52:01.663288
1.77,2021-04-26 05:52:19.849848
3.25,2021-04-26 05:52:50.232893
8.38,2021-04-26 05:53:35.708274
12.14,2021-04-26 05:54:27.232508
1.00,2021-04-26 05:54:39.394912
1.67,2021-04-26 05:54:57.564241
1.00,2021-04-26 05:55:06.669006
8.15,2021-04-26 05:55:52.166887
1.56,2021-04-26 05:56:10.412320
111.11,2021-04-26 05:57:38.348879
1.54,2021-04-26 05:57:56.534149
1.22,2021-04-26 05:58:11.681140
1.93,2021-04-26 05:58:32.922655
2.61,2021-04-26 05:58:57.158413
3.82,2021-04-26 05:59:30.545837
2.18,2021-04-26 05:59:54.788617
92.71,2021-04-26 06:01:19.684456
3.83,2021-04-26 06:01:53.017928
1.64,2021-04-26 06:02:11.250274
1.00,2021-04-26 06:02:20.364308
1.45,2021-04-26 06:02:47.665886
35.41,2021-04-26 06:03:57.429546
1.00,2021-04-26 06:04:06.539855
1.72,2021-04-26 06:04:24.743272
14.76,2021-04-26 06:05:22.325535
1.40,2021-04-26 06:05:37.493232
1.02,2021-04-26 06:05:46.592420
1.47,2021-04-26 06:06:04.760343
1.73,2021-04-26 06:06:22.932905
1.24,2021-04-26 06:06:38.096353
3.56,2021-04-26 06:07:08.435955
1.33,2021-04-26 06:07:23.588709
1.44,2021-04-26 06:07:41.755210
11.98,2021-04-26 06:08:33.286897
1.56,2021-04-26 06:08:48.425321
3.05,2021-04-26 06:09:18.788509
1.19,2021-04-26 06:09:30.911980
1.61,2021-04-26 06:09:49.101723
1.21,2021-04-26 06:10:04.248984
2.01,2021-04-26 06:10:25.458278
4.27,2021-04-26 06:10:58.778896
5.10,2021-04-26 06:11:35.148541
1.55,2021-04-26 06:11:53.368650
1.17,2021-04-26 06:12:05.514275
4.63,2021-04-26 06:12:41.909983
22.59,2021-04-26 06:13:45.504632
1.55,2021-04-26 06:14:00.635179
2.48,2021-04-26 06:14:27.901144
31.26,2021-04-26 06:15:34.617493
4.24,2021-04-26 06:16:07.947948
1.68,2021-04-26 06:16:29.215389
4.03,2021-04-26 06:17:02.579369
3.31,2021-04-26 06:17:32.913099
3.36,2021-04-26 06:18:03.244818
1.58,2021-04-26 06:18:21.416928
1.00,2021-04-26 06:18:30.529536
1.11,2021-04-26 06:18:42.689317
14.63,2021-04-26 06:19:37.323555
1.65,2021-04-26 06:19:55.551480
10.88,2021-04-26 06:20:47.028065
9.99,2021-04-26 06:21:35.580094
1.68,2021-04-26 06:21:53.741661
1.50,2021-04-26 06:22:11.921300
6.92,2021-04-26 06:22:54.397192
1.20,2021-04-26 06:23:06.570849
2.10,2021-04-26 06:23:30.809121
1.03,2021-04-26 06:23:39.920066
2.67,2021-04-26 06:24:07.285841
1.00,2021-04-26 06:24:16.388032
1.42,2021-04-26 06:24:34.573595
1.00,2021-04-26 06:24:43.663894
1.31,2021-04-26 06:24:58.804063
7.92,2021-04-26 06:25:44.234784
4.99,2021-04-26 06:26:20.594248
4.98,2021-04-26 06:27:00.042207
14.92,2021-04-26 06:27:54.620591
2.63,2021-04-26 06:28:21.952862
1.82,2021-04-26 06:28:40.155423
5.50,2021-04-26 06:29:19.518693
1.00,2021-04-26 06:29:28.644741
3.38,2021-04-26 06:29:58.976678
2.88,2021-04-26 06:30:29.335337
1.90,2021-04-26 06:30:47.510535
15.35,2021-04-26 06:31:45.070141
1.75,2021-04-26 06:32:03.239806
1.00,2021-04-26 06:32:15.413797
1.05,2021-04-26 06:32:24.532320
2.35,2021-04-26 06:32:48.768702
2.52,2021-04-26 06:33:16.030735
14.53,2021-04-26 06:34:10.588243
1.48,2021-04-26 06:34:28.770463
1.16,2021-04-26 06:34:40.884009
3.55,2021-04-26 06:35:11.190772
1.69,2021-04-26 06:35:29.370725
2.74,2021-04-26 06:35:56.680071
1.80,2021-04-26 06:36:17.880177
8.26,2021-04-26 06:37:03.321103
2.78,2021-04-26 06:37:30.615082
5.50,2021-04-26 06:38:10.009002
4.39,2021-04-26 06:38:43.351051
2.87,2021-04-26 06:39:10.632630
8.16,2021-04-26 06:39:56.102412
1.46,2021-04-26 06:40:14.273751
2.64,2021-04-26 06:40:41.576710
11.56,2021-04-26 06:41:30.033684
1.96,2021-04-26 06:41:54.305250
1.43,2021-04-26 06:42:09.479810
3.09,2021-04-26 06:42:39.789885
1.00,2021-04-26 06:42:48.897849
1.09,2021-04-26 06:43:01.003307
2.39,2021-04-26 06:43:25.264990
2.24,2021-04-26 06:43:49.549267
1.27,2021-04-26 06:44:01.668082
1.23,2021-04-26 06:44:16.826638
,2021-04-26 06:44:41.124497
2.61,2021-04-26 06:44:44.157099
3.04,2021-04-26 06:45:11.484005
1.57,2021-04-26 06:45:29.659112
2.78,2021-04-26 06:45:56.948995
2.96,2021-04-26 06:46:24.226863
1.39,2021-04-26 06:46:39.412887
2.45,2021-04-26 06:47:06.725852
,2021-04-26 06:47:18.876860
1.29,2021-04-26 06:47:21.901520
2.05,2021-04-26 06:47:43.101581
2.09,2021-04-26 06:48:04.332124
103.97,2021-04-26 06:49:32.278101
1.54,2021-04-26 06:49:50.477039
7.91,2021-04-26 06:50:35.966479
1.00,2021-04-26 06:50:45.109412
1.09,2021-04-26 06:50:57.238192
1.00,2021-04-26 06:51:06.355472
2.63,2021-04-26 06:51:33.607720
1.11,2021-04-26 06:51:45.732808
1.53,2021-04-26 06:52:03.926214
6.37,2021-04-26 06:52:43.326133
20.72,2021-04-26 06:53:46.909963
1.03,2021-04-26 06:53:56.003861
1.07,2021-04-26 06:54:08.153714
1.16,2021-04-26 06:54:20.307317
3.45,2021-04-26 06:54:50.623138
1.30,2021-04-26 06:55:05.741118
2.07,2021-04-26 06:55:26.937805
3.19,2021-04-26 06:55:57.279180
3.99,2021-04-26 06:56:30.630367
1.45,2021-04-26 06:56:48.812505
1.00,2021-04-26 06:56:57.915507
1.39,2021-04-26 06:57:13.067451
17.33,2021-04-26 06:58:10.618941
1.33,2021-04-26 06:58:25.745755
1.40,2021-04-26 06:58:40.938986
20.81,2021-04-26 06:59:41.697692
3.32,2021-04-26 07:00:12.053178
2.17,2021-04-26 07:00:36.344942
3.14,2021-04-26 07:01:06.692385
1.04,2021-04-26 07:01:15.779044
3.93,2021-04-26 07:01:49.138307
1.61,2021-04-26 07:02:07.295166
26.45,2021-04-26 07:03:14.109402
17.07,2021-04-26 07:04:11.711715
1.02,2021-04-26 07:04:20.822578
1.10,2021-04-26 07:04:32.985239
1.55,2021-04-26 07:04:51.130311
2.35,2021-04-26 07:05:15.354244
1.09,2021-04-26 07:05:27.468115
5.52,2021-04-26 07:06:06.898461
1.97,2021-04-26 07:06:28.154994
2.51,2021-04-26 07:06:52.408826
1.33,2021-04-26 07:07:07.589761
3.71,2021-04-26 07:07:40.919476
1.13,2021-04-26 07:07:53.076693
1.39,2021-04-26 07:08:08.273934
1.51,2021-04-26 07:08:26.498032
3.82,2021-04-26 07:08:59.833354
1.00,2021-04-26 07:09:08.947555
2.84,2021-04-26 07:09:45.397225
3.76,2021-04-26 07:10:18.739966
1.58,2021-04-26 07:10:36.938588
1.54,2021-04-26 07:10:55.133734
4.62,2021-04-26 07:11:31.560909
1.00,2021-04-26 07:11:40.652900
1.42,2021-04-26 07:11:55.821836
1.06,2021-04-26 07:12:07.950026
1.19,2021-04-26 07:12:20.092859
1.06,2021-04-26 07:12:32.213222
1.84,2021-04-26 07:12:53.425760
5.77,2021-04-26 07:13:32.844029
1.22,2021-04-26 07:13:44.938505
1.80,2021-04-26 07:14:06.136367
1.65,2021-04-26 07:14:24.347672
5.69,2021-04-26 07:15:03.775842
1.13,2021-04-26 07:15:15.897640
,2021-04-26 07:15:25.008814
1.03,2021-04-26 07:15:28.053081
1.42,2021-04-26 07:15:43.197027
8.68,2021-04-26 07:16:43.822312
1.00,2021-04-26 07:16:55.931582
1.68,2021-04-26 07:17:14.118520
2.30,2021-04-26 07:17:38.394138
1.11,2021-04-26 07:17:50.515929
1881.11,2021-04-26 07:20:06.966172
1.33,2021-04-26 07:20:22.115340
1.85,2021-04-26 07:20:40.322271
1.74,2021-04-26 07:21:01.574820
2.83,2021-04-26 07:21:28.900119
4.03,2021-04-26 07:22:02.273464
2.95,2021-04-26 07:22:29.554574
5.05,2021-04-26 07:23:08.955725
1.16,2021-04-26 07:23:21.065943
1.00,2021-04-26 07:23:30.149357
2.42,2021-04-26 07:23:54.420215
10.42,2021-04-26 07:24:45.928636
1.86,2021-04-26 07:25:07.115927
1.67,2021-04-26 07:25:25.327836
1.09,2021-04-26 07:25:37.475688
1.13,2021-04-26 07:25:49.590155
2.88,2021-04-26 07:26:16.863236
44.13,2021-04-26 07:27:29.620443
2.07,2021-04-26 07:27:53.857182
2.87,2021-04-26 07:28:21.131440
2.30,2021-04-26 07:28:45.371357
1.06,2021-04-26 07:28:57.515874
1.76,2021-04-26 07:29:15.665207
1.00,2021-04-26 07:29:24.748678
1.29,2021-04-26 07:29:39.958763
4.19,2021-04-26 07:30:13.332632
1.84,2021-04-26 07:30:34.539236
1.00,2021-04-26 07:30:46.675910
3.25,2021-04-26 07:31:13.980468
1.51,2021-04-26 07:31:32.208732
1.77,2021-04-26 07:31:53.444157
2.94,2021-04-26 07:32:20.752595
1.35,2021-04-26 07:32:35.907638
1.67,2021-04-26 07:32:54.074544
3.64,2021-04-26 07:33:27.376224
56.86,2021-04-26 07:34:43.143736
3.14,2021-04-26 07:35:13.483193
1.05,2021-04-26 07:35:25.608498
1.11,2021-04-26 07:35:37.730813
4.71,2021-04-26 07:36:14.123677
3.41,2021-04-26 07:36:44.415380
1.79,2021-04-26 07:37:02.606931
1.29,2021-04-26 07:37:17.810394
3.30,2021-04-26 07:37:48.148521
3.09,2021-04-26 07:38:18.499454
2.42,2021-04-26 07:38:42.735282
1.00,2021-04-26 07:38:51.843191
1.99,2021-04-26 07:39:13.070892
1.07,2021-04-26 07:39:25.201072
6.87,2021-04-26 07:40:07.684451
5.46,2021-04-26 07:40:47.106583
1.00,2021-04-26 07:40:56.201896
1.17,2021-04-26 07:41:11.392156
4.68,2021-04-26 07:41:44.736230
2.67,2021-04-26 07:42:12.016909
1.00,2021-04-26 07:42:24.171119
1.38,2021-04-26 07:42:39.354601
2.53,2021-04-26 07:43:03.640979
1.68,2021-04-26 07:43:24.851867
1.01,2021-04-26 07:43:33.952473
2.50,2021-04-26 07:44:01.291302
2.15,2021-04-26 07:44:22.545772
7.88,2021-04-26 07:45:07.969532
1.00,2021-04-26 07:45:17.030884
1.32,2021-04-26 07:45:32.197798
10.96,2021-04-26 07:46:23.749272
1.62,2021-04-26 07:46:41.939889
1.00,2021-04-26 07:46:51.028609
14.56,2021-04-26 07:47:45.628142
1.13,2021-04-26 07:47:57.745417
1.43,2021-04-26 07:48:15.928221
1.72,2021-04-26 07:48:34.132502
19.42,2021-04-26 07:49:34.758545
1.00,2021-04-26 07:49:43.829986
1.28,2021-04-26 07:49:58.986765
1.49,2021-04-26 07:50:17.162539
7.88,2021-04-26 07:50:59.635986
7.04,2021-04-26 07:51:42.111638
1.81,2021-04-26 07:52:03.349625
1.00,2021-04-26 07:52:12.479154
1.53,2021-04-26 07:52:30.695101
2.14,2021-04-26 07:52:54.927553
5.80,2021-04-26 07:53:34.378905
1.12,2021-04-26 07:53:46.537078
2.93,2021-04-26 07:54:13.808281
1.01,2021-04-26 07:54:25.939913
39.14,2021-04-26 07:55:35.712324
1.51,2021-04-26 07:55:53.904647
2.18,2021-04-26 07:56:18.145419
2.70,2021-04-26 07:56:42.414296
1.02,2021-04-26 07:56:54.571550
1.72,2021-04-26 07:57:12.774566
1.15,2021-04-26 07:57:27.972742
1.00,2021-04-26 07:57:37.051742
1.35,2021-04-26 07:58:01.348332
1.00,2021-04-26 07:58:13.486825
1.06,2021-04-26 07:58:22.596548
1.23,2021-04-26 07:58:37.738918
2.29,2021-04-26 07:59:02.020516
2.74,2021-04-26 07:59:29.332659
1.11,2021-04-26 07:59:41.475166
4.58,2021-04-26 08:00:14.828762
3.41,2021-04-26 08:00:48.187227
4.03,2021-04-26 08:01:21.533999
1.35,2021-04-26 08:01:36.693080
1.00,2021-04-26 08:01:45.759394
8.46,2021-04-26 08:02:31.281083
1.28,2021-04-26 08:02:46.473404
2.88,2021-04-26 08:03:13.810824
24.56,2021-04-26 08:04:17.536113
1.00,2021-04-26 08:04:26.643016
43.17,2021-04-26 08:05:42.574514
1.29,2021-04-26 08:05:54.699661
15.26,2021-04-26 08:06:52.315115
1.60,2021-04-26 08:07:10.495107
1.00,2021-04-26 08:07:19.610516
22.34,2021-04-26 08:08:23.347386
1.86,2021-04-26 08:08:41.549325
1.28,2021-04-26 08:08:56.738044
15.82,2021-04-26 08:09:54.356274
2.04,2021-04-26 08:10:15.610125
19.48,2021-04-26 08:11:16.254336
3.17,2021-04-26 08:11:46.564222
3.25,2021-04-26 08:12:16.887108
1.34,2021-04-26 08:12:32.051157
1.45,2021-04-26 08:12:47.226792
4.03,2021-04-26 08:13:20.616773
1.21,2021-04-26 08:13:35.756677
1.27,2021-04-26 08:13:47.874358
2.55,2021-04-26 08:14:15.164035
6.03,2021-04-26 08:14:54.568160
3.63,2021-04-26 08:15:27.923515
1.53,2021-04-26 08:15:43.077597
1.62,2021-04-26 08:16:01.294676
7.78,2021-04-26 08:16:46.779919
3.54,2021-04-26 08:17:20.171656
1.21,2021-04-26 08:17:32.344979
4.15,2021-04-26 08:18:05.737794
1.00,2021-04-26 08:18:17.847074
2.23,2021-04-26 08:18:39.083662
1.13,2021-04-26 08:18:51.214299
2.45,2021-04-26 08:19:18.552928
1.31,2021-04-26 08:19:33.704946
5.57,2021-04-26 08:20:13.134456
2.52,2021-04-26 08:20:37.418139
3.23,2021-04-26 08:21:07.736713
2.87,2021-04-26 08:21:35.021715
2.29,2021-04-26 08:21:59.297862
1.00,2021-04-26 08:22:11.452898
4.22,2021-04-26 08:22:44.816669
1.69,2021-04-26 08:23:03.000693
2.69,2021-04-26 08:23:30.322255
1.09,2021-04-26 08:23:42.453423
1.51,2021-04-26 08:24:00.649637
1.37,2021-04-26 08:24:15.805900
1.11,2021-04-26 08:24:27.943120
1.40,2021-04-26 08:24:43.098032
1.70,2021-04-26 08:25:01.311200
10.40,2021-04-26 08:25:52.978132
1.29,2021-04-26 08:26:05.093366
4.18,2021-04-26 08:26:41.458911
2.82,2021-04-26 08:27:08.772622
1.60,2021-04-26 08:27:26.981730
1.41,2021-04-26 08:27:42.190446
1.34,2021-04-26 08:27:57.325971
1.81,2021-04-26 08:28:18.572592
6.30,2021-04-26 08:29:01.013175
1.83,2021-04-26 08:29:19.256583
1.42,2021-04-26 08:29:37.566237
1.04,2021-04-26 08:29:46.685941
2.32,2021-04-26 08:30:11.005367
1.42,2021-04-26 08:30:29.402085
1.50,2021-04-26 08:30:44.584602
1.08,2021-04-26 08:30:56.697174
1.93,2021-04-26 08:31:17.889519
1.31,2021-04-26 08:31:33.062532
1.56,2021-04-26 08:31:51.287118
1.63,2021-04-26 08:32:09.486679
1.07,2021-04-26 08:32:21.617354
1.00,2021-04-26 08:32:30.769705
4.76,2021-04-26 08:33:07.112175
1.19,2021-04-26 08:33:22.339659
2.84,2021-04-26 08:33:49.666857
3.38,2021-04-26 08:34:20.047312
1.94,2021-04-26 08:34:41.288676
1.01,2021-04-26 08:34:50.398517
1.18,2021-04-26 08:35:05.546741
1.89,2021-04-26 08:35:26.759614
1.63,2021-04-26 08:35:45.014067
1.40,2021-04-26 08:36:00.151414
1.07,2021-04-26 08:36:12.308256
1.50,2021-04-26 08:36:30.621546
2.15,2021-04-26 08:36:51.873666
1.00,2021-04-26 08:37:04.073138
3.91,2021-04-26 08:37:34.454284
2.60,2021-04-26 08:38:01.758034
1.08,2021-04-26 08:38:13.883433
5.63,2021-04-26 08:38:53.308017
1.06,2021-04-26 08:39:02.505900
1.34,2021-04-26 08:39:17.713849
11.79,2021-04-26 08:40:57.723054
1.75,2021-04-26 08:41:15.912442
1.22,2021-04-26 08:41:28.079185
3.64,2021-04-26 08:42:01.388751
2.26,2021-04-26 08:42:25.653428
1.69,2021-04-26 08:42:43.815951
1.34,2021-04-26 08:42:58.955815
1.00,2021-04-26 08:43:08.081190
1.11,2021-04-26 08:43:20.196142
1.00,2021-04-26 08:43:32.327981
2.11,2021-04-26 08:43:53.522902
3.26,2021-04-26 08:44:26.938988
1.11,2021-04-26 08:44:39.068754
1.14,2021-04-26 08:44:51.199369
1.00,2021-04-26 08:45:00.303106
1.09,2021-04-26 08:45:12.434091
55.83,2021-04-26 08:46:28.406227
1.88,2021-04-26 08:46:49.689943
1.45,2021-04-26 08:47:07.975998
1.15,2021-04-26 08:47:20.129265
1.77,2021-04-26 08:47:38.356816
2.37,2021-04-26 08:48:05.673655
1.85,2021-04-26 08:48:23.906780
1.40,2021-04-26 08:48:42.278578
2.38,2021-04-26 08:49:06.681447
17.69,2021-04-26 08:50:04.414555
1.81,2021-04-26 08:50:25.740651
2.17,2021-04-26 08:50:47.019125
1.59,2021-04-26 08:51:05.313646
1.07,2021-04-26 08:51:17.486837
2.68,2021-04-26 08:51:44.893152
5.99,2021-04-26 08:52:24.413316
2.54,2021-04-26 08:52:51.712278
3.41,2021-04-26 08:53:22.085669
1.07,2021-04-26 08:53:34.336713
5.92,2021-04-26 08:54:13.709370
1.19,2021-04-26 08:54:25.821437
1.47,2021-04-26 08:54:44.095152
1.37,2021-04-26 08:54:59.282573
3.50,2021-04-26 08:55:29.576291
1.25,2021-04-26 08:55:44.763575
1.12,2021-04-26 08:55:56.911918
2.38,2021-04-26 08:56:21.232688
7.92,2021-04-26 08:57:07.052007
5.94,2021-04-26 08:57:46.552862
3.64,2021-04-26 08:58:16.911145
2.82,2021-04-26 08:58:44.331501
2.38,2021-04-26 08:59:08.763305
1.04,2021-04-26 08:59:20.948761
1.73,2021-04-26 08:59:39.212298
1.92,2021-04-26 09:00:00.496439
1.15,2021-04-26 09:00:12.835272
1.13,2021-04-26 09:00:24.980344
1.33,2021-04-26 09:00:40.166347
4.17,2021-04-26 09:01:16.606185
1.02,2021-04-26 09:01:25.793009
3.31,2021-04-26 09:01:56.128834
1.84,2021-04-26 09:02:17.308312
2.94,2021-04-26 09:02:44.659671
1.32,2021-04-26 09:02:59.822697
1.13,2021-04-26 09:03:12.008641
1.06,2021-04-26 09:03:24.142825
2.66,2021-04-26 09:03:51.389725
1.65,2021-04-26 09:04:09.607902
1.32,2021-04-26 09:04:24.766092
1.16,2021-04-26 09:04:36.958445
1.24,2021-04-26 09:04:52.137199
7.19,2021-04-26 09:05:34.658452
2.20,2021-04-26 09:05:58.956095
1.00,2021-04-26 09:06:08.060003
2.01,2021-04-26 09:06:29.298630
